<?xml version="1.0" encoding="utf-8"?>
<dokument xmlns:xsi="http://www.w3.org/2001/XMLSchema-instance" xsi:schemaLocation="http://www.mswia.gov.pl/standardy/ndap Metadane-1.7.xsd" xmlns="http://www.mswia.gov.pl/standardy/ndap">
  <data>
    <typ>stworzony</typ>
    <czas>2019-05-31T21:55:13+02:00</czas>
  </data>
  <data>
    <typ>uzyskany</typ>
    <czas>2019-05-31T21:55:12+02:00</czas>
  </data>
  <dostep>
    <dostepnosc>metadane</dostepnosc>
  </dostep>
  <format>
    <typ>.xml</typ>
    <specyfikacja>1.0</specyfikacja>
  </format>
  <grupowanie>
    <typ>znak sprawy</typ>
    <kod>GN-III.7541.7.2018</kod>
    <opis>Postępowanie w sprawie rekompensat za mienie pozostawione poza granicami RP</opis>
  </grupowanie>
  <grupowanie>
    <typ>EZD.PUW.IdPisma</typ>
    <kod>2712781</kod>
    <opis>Id koszulki</opis>
  </grupowanie>
  <identyfikator>
    <typ>EZD.PUW.IDZalacznika.IdDokumentu</typ>
    <wartosc>6451923.7456309</wartosc>
  </identyfikator>
  <identyfikator>
    <typ>eKancelariaId</typ>
    <wartosc>RPW/122313/2019</wartosc>
  </identyfikator>
  <identyfikator>
    <typ>EZD.PUW.NazwaZalacznika</typ>
    <wartosc>24. postanowienie GN.IV.7725-2923a2007KSz (GN-III.7541.7.2018.KC) - Pismo ogólne do podmiotu publicznego.xml</wartosc>
  </identyfikator>
  <identyfikator>
    <typ>EZD.PUW.IDZalacznika</typ>
    <wartosc>6451923</wartosc>
  </identyfikator>
  <identyfikator>
    <typ>EZD.PUW.IdDokumentu</typ>
    <wartosc>7456309</wartosc>
  </identyfikator>
  <jezyk kod="pol" />
  <kwalifikacja>
    <kategoria>A</kategoria>
    <data>2019-05-31T21:55:13+02:00</data>
    <podmiot>
      <instytucja>
        <id typ="NIP" />
        <nazwa>Łódzki Urząd Wojewódzki w Łodzi</nazwa>
        <jednostka>
          <nazwa>Wydział Gospodarki Nieruchomościami</nazwa>
          <pracownik>
            <nazwisko>Cienkusz</nazwisko>
            <imie>Katarzyna</imie>
            <funkcja>Inspektor wojewódzki</funkcja>
          </pracownik>
        </jednostka>
      </instytucja>
    </podmiot>
  </kwalifikacja>
  <tworca>
    <funkcja>utworzył</funkcja>
    <podmiot>
      <osoba>
        <nazwisko>Więzowska</nazwisko>
        <imie>Elżbieta</imie>
        <adres>
          <kod />
          <miejscowosc />
          <ulica />
          <budynek />
          <lokal />
          <skrytkapocztowa />
          <kraj>PL</kraj>
        </adres>
        <kontakt typ="ePUAP">/wiezowska/domyslna</kontakt>
      </osoba>
    </podmiot>
  </tworca>
  <typ>
    <kategoria>Text</kategoria>
    <rodzaj>E-Pismo</rodzaj>
  </typ>
  <tytul>
    <oryginalny jezyk="pol">24. postanowienie GN.IV.7725-2923a2007KSz (GN-III.7541.7.2018.KC) - Pismo ogólne do podmiotu publicznego.xml</oryginalny>
  </tytul>
</dokument>