<?xml version="1.0" encoding="utf-8"?>
<dokument xmlns:xsi="http://www.w3.org/2001/XMLSchema-instance" xsi:schemaLocation="http://www.mswia.gov.pl/standardy/ndap Metadane-1.7.xsd" xmlns="http://www.mswia.gov.pl/standardy/ndap">
  <data>
    <typ>stworzony</typ>
    <czas>2021-01-15T09:40:42+01:00</czas>
  </data>
  <data>
    <typ>uzyskany</typ>
    <czas>2021-01-15T00:00:00+01:00</czas>
  </data>
  <dostep>
    <dostepnosc>metadane</dostepnosc>
  </dostep>
  <format>
    <typ>.xml</typ>
    <specyfikacja>1.0</specyfikacja>
  </format>
  <grupowanie>
    <typ>znak sprawy</typ>
    <kod>GN-III.7541.7.2018</kod>
    <opis>Postępowanie w sprawie rekompensat za mienie pozostawione poza granicami RP</opis>
  </grupowanie>
  <grupowanie>
    <typ>EZD.PUW.IdPisma</typ>
    <kod>3721924</kod>
    <opis>Id koszulki</opis>
  </grupowanie>
  <identyfikator>
    <typ>EZD.PUW.IDZalacznika.IdDokumentu</typ>
    <wartosc>9873407.11075351</wartosc>
  </identyfikator>
  <identyfikator>
    <typ>eKancelariaId</typ>
    <wartosc>RPW/8294/2021</wartosc>
  </identyfikator>
  <identyfikator>
    <typ>EZD.PUW.NazwaZalacznika</typ>
    <wartosc>36. skarga Elżbiety Więzowskiej z 10.01.2021 r.  - Wojewoda Łódzki.xml</wartosc>
  </identyfikator>
  <identyfikator>
    <typ>EZD.PUW.IDZalacznika</typ>
    <wartosc>9873407</wartosc>
  </identyfikator>
  <identyfikator>
    <typ>EZD.PUW.IdDokumentu</typ>
    <wartosc>11075351</wartosc>
  </identyfikator>
  <jezyk kod="pol" />
  <kwalifikacja>
    <kategoria>A</kategoria>
    <data>2021-01-15T09:40:42+01:00</data>
    <podmiot>
      <instytucja>
        <id typ="NIP" />
        <nazwa>Łódzki Urząd Wojewódzki w Łodzi</nazwa>
        <jednostka>
          <nazwa>Wydział Gospodarki Nieruchomościami</nazwa>
          <pracownik>
            <nazwisko>Cienkusz</nazwisko>
            <imie>Katarzyna</imie>
            <funkcja>Inspektor wojewódzki</funkcja>
          </pracownik>
        </jednostka>
      </instytucja>
    </podmiot>
  </kwalifikacja>
  <tworca>
    <funkcja>utworzył</funkcja>
    <podmiot>
      <instytucja>
        <nazwa>Wojewódzki Sąd Administracyjny w Warszawie</nazwa>
        <adres>
          <kod>00-013</kod>
          <miejscowosc>Warszawa</miejscowosc>
          <ulica>Jasna</ulica>
          <budynek>2/4</budynek>
          <lokal />
          <skrytkapocztowa />
          <kraj>PL</kraj>
        </adres>
        <kontakt typ="ePUAP">/wsa_waw/SkrytkaESP</kontakt>
      </instytucja>
    </podmiot>
  </tworca>
  <typ>
    <kategoria>Text</kategoria>
    <rodzaj>E-Pismo</rodzaj>
  </typ>
  <tytul>
    <oryginalny jezyk="pol">36. skarga Elżbiety Więzowskiej z 10.01.2021 r.  - Wojewoda Łódzki.xml</oryginalny>
  </tytul>
</dokument>