<?xml version="1.0" encoding="utf-8"?>
<dokument xmlns:xsi="http://www.w3.org/2001/XMLSchema-instance" xsi:schemaLocation="http://www.mswia.gov.pl/standardy/ndap Metadane-1.7.xsd" xmlns="http://www.mswia.gov.pl/standardy/ndap">
  <data>
    <typ>zmodyfikowany</typ>
    <czas>2018-10-19T07:56:23+02:00</czas>
  </data>
  <dostep>
    <dostepnosc>metadane</dostepnosc>
  </dostep>
  <format>
    <typ>.pdf</typ>
    <specyfikacja>1.0</specyfikacja>
  </format>
  <grupowanie>
    <typ>znak sprawy</typ>
    <kod>GN-III.7541.7.2018</kod>
    <opis>Postępowanie w sprawie rekompensat za mienie pozostawione poza granicami RP</opis>
  </grupowanie>
  <grupowanie>
    <typ>EZD.PUW.IdPisma</typ>
    <kod>2358775</kod>
    <opis>Id koszulki</opis>
  </grupowanie>
  <identyfikator>
    <typ>EZD.PUW.IDZalacznika.IdDokumentu</typ>
    <wartosc>5409305.6174752</wartosc>
  </identyfikator>
  <identyfikator>
    <typ>EZD.PUW.NazwaZalacznika</typ>
    <wartosc>5. Pismo E. Więzowskiej 19.10.2018 r. Dotyczy%20sprawy%20GN-III.7541.7.2018.KC.pdf</wartosc>
  </identyfikator>
  <identyfikator>
    <typ>EZD.PUW.IDZalacznika</typ>
    <wartosc>5409305</wartosc>
  </identyfikator>
  <identyfikator>
    <typ>EZD.PUW.IdDokumentu</typ>
    <wartosc>6174752</wartosc>
  </identyfikator>
  <jezyk kod="pol" />
  <kwalifikacja>
    <kategoria>A</kategoria>
    <data>2018-10-19T07:56:23+02:00</data>
    <podmiot>
      <instytucja>
        <id typ="NIP" />
        <nazwa>Łódzki Urząd Wojewódzki w Łodzi</nazwa>
        <jednostka>
          <nazwa>Wydział Gospodarki Nieruchomościami</nazwa>
          <pracownik>
            <nazwisko>Cienkusz</nazwisko>
            <imie>Katarzyna</imie>
            <funkcja>Inspektor wojewódzki</funkcja>
          </pracownik>
        </jednostka>
      </instytucja>
    </podmiot>
  </kwalifikacja>
  <relacja>
    <identyfikator>
      <typ>EZD.PUW.IDZalacznika</typ>
      <wartosc>5409298</wartosc>
    </identyfikator>
    <typ>jestCzęścią</typ>
  </relacja>
  <tworca>
    <funkcja>modyfikował</funkcja>
    <podmiot>
      <osoba>
        <nazwisko>Więzowska</nazwisko>
        <imie>Elżbieta</imie>
        <adres>
          <kod />
          <miejscowosc />
          <ulica />
          <budynek />
          <lokal />
          <skrytkapocztowa />
          <kraj>PL</kraj>
        </adres>
        <kontakt typ="ePUAP">/wiezowska/domyslna</kontakt>
      </osoba>
    </podmiot>
  </tworca>
  <typ>
    <kategoria>Text</kategoria>
    <rodzaj>Załącznik</rodzaj>
  </typ>
  <tytul>
    <oryginalny jezyk="pol">5. Pismo E. Więzowskiej 19.10.2018 r. Dotyczy%20sprawy%20GN-III.7541.7.2018.KC.pdf</oryginalny>
  </tytul>
</dokument>