<?xml version="1.0" encoding="utf-8"?>
<dokument xmlns:xsi="http://www.w3.org/2001/XMLSchema-instance" xsi:schemaLocation="http://www.mswia.gov.pl/standardy/ndap Metadane-1.7.xsd" xmlns="http://www.mswia.gov.pl/standardy/ndap">
  <data>
    <typ>zmodyfikowany</typ>
    <czas>2021-02-26T13:09:14+01:00</czas>
  </data>
  <dostep>
    <dostepnosc>metadane</dostepnosc>
  </dostep>
  <format>
    <typ>.pdf</typ>
    <specyfikacja>1.0</specyfikacja>
  </format>
  <grupowanie>
    <typ>znak sprawy</typ>
    <kod>GN-III.7541.7.2018</kod>
    <opis>Postępowanie w sprawie rekompensat za mienie pozostawione poza granicami RP</opis>
  </grupowanie>
  <grupowanie>
    <typ>EZD.PUW.IdPisma</typ>
    <kod>3793521</kod>
    <opis>Id koszulki</opis>
  </grupowanie>
  <identyfikator>
    <typ>EZD.PUW.IDZalacznika.IdDokumentu</typ>
    <wartosc>10177791.11345940</wartosc>
  </identyfikator>
  <identyfikator>
    <typ>EZD.PUW.NazwaZalacznika</typ>
    <wartosc>Pismo dla organu o dor. wezw. do nadesłania akt.pdf</wartosc>
  </identyfikator>
  <identyfikator>
    <typ>EZD.PUW.IDZalacznika</typ>
    <wartosc>10177791</wartosc>
  </identyfikator>
  <identyfikator>
    <typ>EZD.PUW.IdDokumentu</typ>
    <wartosc>11345940</wartosc>
  </identyfikator>
  <jezyk kod="pol" />
  <kwalifikacja>
    <kategoria>A</kategoria>
    <data>2021-02-26T14:25:42+01:00</data>
    <podmiot>
      <instytucja>
        <id typ="NIP" />
        <nazwa>Łódzki Urząd Wojewódzki w Łodzi</nazwa>
        <jednostka>
          <nazwa>Wydział Gospodarki Nieruchomościami</nazwa>
          <pracownik>
            <nazwisko>Cienkusz</nazwisko>
            <imie>Katarzyna</imie>
            <funkcja>Inspektor wojewódzki</funkcja>
          </pracownik>
        </jednostka>
      </instytucja>
    </podmiot>
  </kwalifikacja>
  <relacja>
    <identyfikator>
      <typ>EZD.PUW.IDZalacznika</typ>
      <wartosc>10177791</wartosc>
    </identyfikator>
    <typ>jestCzęścią</typ>
  </relacja>
  <relacja>
    <identyfikator>
      <typ>EZD.PUW.IDZalacznika</typ>
      <wartosc>10177791</wartosc>
    </identyfikator>
    <typ>maCzęść</typ>
  </relacja>
  <tworca>
    <funkcja>podpisał</funkcja>
    <podmiot>
      <instytucja>
        <nazwa>Wojewódzki Sąd Administracyjny w Łodzi</nazwa>
        <adres>
          <kod>90-434</kod>
          <miejscowosc>Łódź</miejscowosc>
          <ulica>Piotrkowska</ulica>
          <budynek>135</budynek>
          <lokal />
          <skrytkapocztowa />
          <kraj>PL</kraj>
        </adres>
        <kontakt typ="ePUAP">/wsalodz/SkrytkaESP</kontakt>
      </instytucja>
    </podmiot>
  </tworca>
  <typ>
    <kategoria>Text</kategoria>
    <rodzaj>Załącznik</rodzaj>
  </typ>
  <tytul>
    <oryginalny jezyk="pol">Pismo dla organu o dor. wezw. do nadesłania akt.pdf</oryginalny>
  </tytul>
</dokument>