<?xml version="1.0" encoding="utf-8"?>
<dokument xmlns:xsi="http://www.w3.org/2001/XMLSchema-instance" xsi:schemaLocation="http://www.mswia.gov.pl/standardy/ndap Metadane-1.7.xsd" xmlns="http://www.mswia.gov.pl/standardy/ndap">
  <data>
    <typ>stworzony</typ>
    <czas>2018-10-08T12:53:54+02:00</czas>
  </data>
  <data>
    <typ>uzyskany</typ>
    <czas>2018-10-08T00:00:00+02:00</czas>
  </data>
  <dostep>
    <dostepnosc>metadane</dostepnosc>
  </dostep>
  <format>
    <typ>.eml</typ>
    <specyfikacja>1.0</specyfikacja>
  </format>
  <grupowanie>
    <typ>znak sprawy</typ>
    <kod>GN-III.7541.7.2018</kod>
    <opis>Postępowanie w sprawie rekompensat za mienie pozostawione poza granicami RP</opis>
  </grupowanie>
  <grupowanie>
    <typ>EZD.PUW.IdPisma</typ>
    <kod>2339980</kod>
    <opis>Id koszulki</opis>
  </grupowanie>
  <identyfikator>
    <typ>EZD.PUW.IDZalacznika.IdDokumentu</typ>
    <wartosc>5354109.6119161</wartosc>
  </identyfikator>
  <identyfikator>
    <typ>eKancelariaId</typ>
    <wartosc>RPW/204227/2018</wartosc>
  </identyfikator>
  <identyfikator>
    <typ>EZD.PUW.NazwaZalacznika</typ>
    <wartosc>Zażalenie na postanowienie Wojewody.eml</wartosc>
  </identyfikator>
  <identyfikator>
    <typ>EZD.PUW.IDZalacznika</typ>
    <wartosc>5354109</wartosc>
  </identyfikator>
  <identyfikator>
    <typ>EZD.PUW.IdDokumentu</typ>
    <wartosc>6119161</wartosc>
  </identyfikator>
  <jezyk kod="pol" />
  <kwalifikacja>
    <kategoria>A</kategoria>
    <data>2018-10-08T12:53:54+02:00</data>
    <podmiot>
      <instytucja>
        <id typ="NIP" />
        <nazwa>Łódzki Urząd Wojewódzki w Łodzi</nazwa>
        <jednostka>
          <nazwa>Wydział Gospodarki Nieruchomościami</nazwa>
          <pracownik>
            <nazwisko>Cienkusz</nazwisko>
            <imie>Katarzyna</imie>
            <funkcja>Inspektor wojewódzki</funkcja>
          </pracownik>
        </jednostka>
      </instytucja>
    </podmiot>
  </kwalifikacja>
  <tworca>
    <funkcja>utworzył</funkcja>
    <podmiot>
      <osoba>
        <nazwisko>Więzowska</nazwisko>
        <imie>Elżbieta</imie>
        <adres>
          <kod>87-100</kod>
          <poczta />
          <miejscowosc>Toruń</miejscowosc>
          <ulica>Jodłowa</ulica>
          <budynek>21 B</budynek>
          <lokal />
          <kraj>PL</kraj>
        </adres>
      </osoba>
    </podmiot>
  </tworca>
  <typ>
    <kategoria>Text</kategoria>
    <rodzaj>Załącznik</rodzaj>
  </typ>
  <tytul>
    <oryginalny jezyk="pol">Zażalenie na postanowienie Wojewody.eml</oryginalny>
  </tytul>
</dokument>