<dokument xmlns:xsd="http://www.w3.org/2001/XMLSchema" xmlns:xsi="http://www.w3.org/2001/XMLSchema-instance" xmlns="http://www.mswia.gov.pl/standardy/ndap" xsi:schemaLocation="http://www.mswia.gov.pl/standardy/ndap Metadane-2.0.xsd">
  <identyfikator>
    <typidentyfikatora>id.eNadzor</typidentyfikatora>
    <wartoscId>1.19098.20210311135550.38894</wartoscId>
    <podmiot>
      <instytucja>
        <id typId="NIP">9541727830</id>
        <nazwa>Śląski Urząd Wojewódzki w Katowicach</nazwa>
        <kontakt typKontaktu="e-mail">majewskae@katowice.uw.gov.pl</kontakt>
      </instytucja>
    </podmiot>
  </identyfikator>
  <identyfikator>
    <typidentyfikatora>Znak sprawy</typidentyfikatora>
    <wartoscId>NPII.4130.205.1.2021</wartoscId>
  </identyfikator>
  <identyfikator>
    <typidentyfikatora>Nazwa pliku</typidentyfikatora>
    <wartoscId>Prośba o udzielenie informacji.pdf</wartoscId>
  </identyfikator>
  <tytul>
    <oryginalny kodJezyka="pol">Prośba o udzielenie informacji znak sprawy: NPII.4130.205.1.2021 z dnia 11 marca 2021 r. - dotyczy: Uchwała Nr XXV/168/2021 Rady Gminy Wołomierz z dnia 5 lutego 2021 r. w sprawie pomników przyrody na terenie Gminy Wołomierz.</oryginalny>
    <alternatywny kodJezyka="pol">Prośba o udzielenie informacji nr NPII.4130.205.1.2021 z dnia 11 marca 2021 r. dot. Uchwała nr XXV/168/2021 Rady Gminy Wołomierz z dnia 5 lutego 2021 r.</alternatywny>
  </tytul>
  <data>
    <typDaty>data na piśmie</typDaty>
    <czas>2021-03-11T00:00:00+01:00</czas>
  </data>
  <data>
    <typDaty>wysłany</typDaty>
    <czas>2021-03-11T14:08:53+01:00</czas>
  </data>
  <data>
    <typDaty>podpisany</typDaty>
    <czas>2021-03-11T14:08:04+01:00</czas>
  </data>
  <format>
    <typFormatu>.pdf</typFormatu>
    <specyfikacja>1.7</specyfikacja>
    <niekompletnosc>nie</niekompletnosc>
    <wielkosc miara="KB">87</wielkosc>
  </format>
  <dostep>
    <dostepnosc>niepubliczny</dostepnosc>
  </dostep>
  <typ>
    <klasa>Text</klasa>
    <rodzaj>pismo</rodzaj>
  </typ>
  <typ>
    <klasa>eNadzor</klasa>
    <rodzaj>Prośba o udzielenie informacji</rodzaj>
  </typ>
  <typ>
    <klasa>Text</klasa>
    <rodzaj>wezwanie</rodzaj>
  </typ>
  <typ>
    <klasa>Text</klasa>
    <rodzaj>Odwzorowanie cyfrowe - Nie</rodzaj>
  </typ>
  <grupowanie>
    <typGrupy>Znak sprawy</typGrupy>
    <kodGrupy>NPII.4130.205.1.2021</kodGrupy>
    <opis>Wołomierz</opis>
  </grupowanie>
  <grupowanie>
    <typGrupy>Kolejność dokumentu w systemie eNadzor względem sprawy</typGrupy>
    <kodGrupy>3</kodGrupy>
    <opis>Nie dotyczy</opis>
  </grupowanie>
  <tworca>
    <funkcja>utworzył</funkcja>
    <podmiot>
      <instytucja>
        <id typId="NIP">9541727830</id>
        <nazwa>Śląski Urząd Wojewódzki w Katowicach</nazwa>
        <adres>
          <kodPocztowy>40-032</kodPocztowy>
          <miejscowosc>Katowice</miejscowosc>
          <ulica>Jagiellońska</ulica>
          <budynek>25</budynek>
          <kraj>PL</kraj>
        </adres>
        <kontakt typKontaktu="e-mail">majewskae@katowice.uw.gov.pl</kontakt>
        <pracownik>
          <nazwisko>Grabowski</nazwisko>
          <imie>Zbigniew</imie>
          <stanowisko>Inspektor Wojewódzki</stanowisko>
        </pracownik>
      </instytucja>
    </podmiot>
  </tworca>
  <tworca>
    <funkcja>podpisał</funkcja>
    <podmiot>
      <osoba>
        <nazwisko>Grabowski</nazwisko>
        <imie>Zbigniew</imie>
        <kontakt typKontaktu="email" />
      </osoba>
    </podmiot>
  </tworca>
  <nadawca>
    <podmiot>
      <instytucja>
        <id typId="NIP">9541727830</id>
        <nazwa>Śląski Urząd Wojewódzki w Katowicach</nazwa>
        <adres>
          <kodPocztowy>40-032</kodPocztowy>
          <miejscowosc>Katowice</miejscowosc>
          <ulica>Jagiellońska</ulica>
          <budynek>25</budynek>
          <kraj>PL</kraj>
        </adres>
        <kontakt typKontaktu="e-mail">majewskae@katowice.uw.gov.pl</kontakt>
      </instytucja>
    </podmiot>
  </nadawca>
  <odbiorca>
    <doWiadomosci />
    <podmiot>
      <instytucja>
        <id typId="NIP">2741406386</id>
        <nazwa>Urząd Gminy Wołomierz</nazwa>
        <adres>
          <kodPocztowy>03-215</kodPocztowy>
          <miejscowosc>Wołomierz</miejscowosc>
          <ulica>Owsiana</ulica>
          <budynek>12</budynek>
          <kraj>PL</kraj>
        </adres>
        <kontakt typKontaktu="Adres uri">www.abcpro.pl</kontakt>
      </instytucja>
    </podmiot>
  </odbiorca>
  <relacja>
    <identyfikator>
      <typidentyfikatora>Nazwa pliku</typidentyfikatora>
      <wartoscId>Uchwała.zip</wartoscId>
    </identyfikator>
    <typRelacji>odnosi się do</typRelacji>
  </relacja>
  <relacja>
    <identyfikator>
      <typidentyfikatora>Nazwa pliku</typidentyfikatora>
      <wartoscId>UPP - Urzędowe Poświadczenie Przedłozenia - Prośba o udzielenie informacji 2021-03-11.xml</wartoscId>
    </identyfikator>
    <typRelacji>ma odniesienie</typRelacji>
  </relacja>
  <relacja>
    <identyfikator>
      <typidentyfikatora>Nazwa pliku</typidentyfikatora>
      <wartoscId>UPO - Urzędowe Poświadczenie Odebrania - Prośba o udzielenie informacji 2021-03-11.xml</wartoscId>
    </identyfikator>
    <typRelacji>ma odniesienie</typRelacji>
  </relacja>
  <relacja>
    <identyfikator>
      <typidentyfikatora>Nazwa pliku</typidentyfikatora>
      <wartoscId>BR.1423.1221.2020pismowsprawieuzgodnieniaprojektuuchwalypomnikowprzyrody.BES.pdf</wartoscId>
    </identyfikator>
    <typRelacji>ma odniesienie</typRelacji>
  </relacja>
  <jezyk kodJezyka="pol">polski</jezyk>
  <opis>Prośba o udzielenie informacji nr NPII.4130.205.1.2021 z dnia 11 marca 2021 r. dot. Uchwała nr XXV/168/2021 Rady Gminy Wołomierz z dnia 5 lutego 2021 r.</opis>
</dokument>