<dokument xmlns:xsd="http://www.w3.org/2001/XMLSchema" xmlns:xsi="http://www.w3.org/2001/XMLSchema-instance" xmlns="http://www.mswia.gov.pl/standardy/ndap" xsi:schemaLocation="http://www.mswia.gov.pl/standardy/ndap Metadane-2.0.xsd">
  <identyfikator>
    <typidentyfikatora>Znak sprawy</typidentyfikatora>
    <wartoscId>NK-I.4131.112.2021.</wartoscId>
    <podmiot>
      <instytucja>
        <id typId="NIP">5992462314</id>
        <nazwa>Lubuski Urząd Wojewódzki w Gorzowie Wielkopolskim</nazwa>
        <adres>
          <kodPocztowy>66-400</kodPocztowy>
          <miejscowosc>Gorzów Wielkopolski</miejscowosc>
          <ulica>Jagiellończyka</ulica>
          <budynek>8</budynek>
          <kraj>PL</kraj>
        </adres>
        <kontakt typKontaktu="e-mail">wpoin@uwoj.gorzow.pl</kontakt>
      </instytucja>
    </podmiot>
  </identyfikator>
  <identyfikator>
    <typidentyfikatora>id.eNadzor</typidentyfikatora>
    <wartoscId>1.17336.20210713095456.28389</wartoscId>
    <podmiot>
      <instytucja>
        <id typId="NIP">5992462314</id>
        <nazwa>Lubuski Urząd Wojewódzki w Gorzowie Wielkopolskim</nazwa>
        <adres>
          <kodPocztowy>66-400</kodPocztowy>
          <miejscowosc>Gorzów Wielkopolski</miejscowosc>
          <ulica>Jagiellończyka</ulica>
          <budynek>8</budynek>
          <kraj>PL</kraj>
        </adres>
        <kontakt typKontaktu="e-mail">wpoin@uwoj.gorzow.pl</kontakt>
      </instytucja>
    </podmiot>
  </identyfikator>
  <tytul>
    <oryginalny kodJezyka="pol">NK-I.4131.112.2021. - Wszczynanie i prowadzenie postępowań zmierzających do usunięcia naruszenia prawa i nieważności aktów prawnych samorządu terytorialnego - dotyczy: Uchwała Nr XXXVIII/686/2021 Rady Miasta Gorzowa Wielkopolskiego z dnia 23 czerwca 2021 r. w sprawie ustalenia strefy platnego parkowania w Gorzowie Wielkopolskim, stawek oplat za postoj pojazdow samochodowych na drogach publicznych w strefie platnego parkowania, okreslenia wysokosci oplat dodatkowych oraz sposobu ich pobierania.</oryginalny>
    <alternatywny kodJezyka="pol">Zawiadomienie o wszczęciu postępowania nadzorczego nr NK-I.4131.112.2021. z dnia 14 lipca 2021 r. dot. Uchwała nr XXXVIII/686/2021 Rady Miasta Gorzowa Wielkopolskiego z dnia 23 czerwca 2021 r.</alternatywny>
  </tytul>
  <data>
    <zakresDat>daty skrajne</zakresDat>
    <czasOd>2021-07-14T00:00:00+02:00</czasOd>
    <czasDo>2021-07-27T14:57:13+02:00</czasDo>
  </data>
  <format>
    <typFormatu>.xml</typFormatu>
  </format>
  <dostep>
    <dostepnosc>niepubliczny</dostepnosc>
  </dostep>
  <typ>
    <klasa>Text</klasa>
    <rodzaj>Metadane sprawy</rodzaj>
  </typ>
  <grupowanie>
    <typGrupy>Znak sprawy</typGrupy>
    <kodGrupy>NK-I.4130.16.72.2021.</kodGrupy>
    <opis>Gorzów Wielkopolski</opis>
  </grupowanie>
  <grupowanie>
    <typGrupy>Znak sprawy (nadrzędnej)</typGrupy>
    <kodGrupy>NK-I.4130.16.72.2021.</kodGrupy>
    <opis>NK-I.4130.16.72.2021. - Badanie aktów prawa miejscowego organów samorządu terytorialnego - dotyczy: Uchwała Nr XXXVIII/686/2021 Rady Miasta Gorzowa Wielkopolskiego z dnia 23 czerwca 2021 r. w sprawie ustalenia strefy platnego parkowania w Gorzowie Wielkopolskim, stawek oplat za postoj pojazdow samochodowych na drogach publicznych w strefie platnego parkowania, okreslenia wysokosci oplat dodatkowych oraz sposobu ich pobierania.</opis>
  </grupowanie>
  <tworca>
    <funkcja>utworzył</funkcja>
    <podmiot>
      <instytucja>
        <id typId="NIP">5992462314</id>
        <nazwa>Lubuski Urząd Wojewódzki w Gorzowie Wielkopolskim</nazwa>
        <adres>
          <kodPocztowy>66-400</kodPocztowy>
          <miejscowosc>Gorzów Wielkopolski</miejscowosc>
          <ulica>Jagiellończyka</ulica>
          <budynek>8</budynek>
          <kraj>PL</kraj>
        </adres>
        <kontakt typKontaktu="e-mail">wpoin@uwoj.gorzow.pl</kontakt>
      </instytucja>
    </podmiot>
  </tworca>
  <tworca>
    <funkcja>utworzył</funkcja>
    <podmiot>
      <osoba>
        <nazwisko>Szczodrowska-Rożek</nazwisko>
        <imie>Anna</imie>
        <kontakt typKontaktu="email">anna.szczodrowska@lubuskie.uw.gov.pl</kontakt>
      </osoba>
    </podmiot>
  </tworca>
  <relacja>
    <identyfikator>
      <typidentyfikatora>Nazwa pliku</typidentyfikatora>
      <wartoscId>NK-I.4130.16.72.2021..xml</wartoscId>
    </identyfikator>
    <typRelacji>ma odniesienie</typRelacji>
  </relacja>
  <relacja>
    <identyfikator>
      <typidentyfikatora>Nazwa pliku</typidentyfikatora>
      <wartoscId>NK-I.0552.10.2021.xml</wartoscId>
    </identyfikator>
    <typRelacji>ma odniesienie</typRelacji>
  </relacja>
</dokument>