<dokument xmlns:xsi="http://www.w3.org/2001/XMLSchema-instance" xmlns:xsd="http://www.w3.org/2001/XMLSchema" xmlns="http://www.mswia.gov.pl/standardy/ndap" xsi:schemaLocation="http://www.mswia.gov.pl/standardy/ndap Metadane-1.7.xsd">
  <odbiorca>
    <podmiot>
      <instytucja>
        <id typ="REGON"></id>
        <nazwa>CSIOZ</nazwa>
        <jednostka>
          <nazwa>Dyrektor</nazwa>
          <pracownik>
            <nazwisko>Sikorski</nazwisko>
            <imie>Leszek</imie>
            <funkcja>dyrektor</funkcja>
          </pracownik>
        </jednostka>
      </instytucja>
    </podmiot>
    <rodzaj>glowny</rodzaj>
  </odbiorca>
  <data>
    <typ>stworzony</typ>
  </data>
  <dostep>
    <dostepnosc>wszystko</dostepnosc>
  </dostep>
  <format>
    <typ>text/plain</typ>
  </format>
  <grupowanie>
    <typ>znak sprawy</typ>
    <kod>CSIOZ-WFE-SFK.6080.4.2011</kod>
    <opis>Wnioski o płatność</opis>
  </grupowanie>
  <identyfikator>
    <typ>eKancelariaID</typ>
    <wartosc>Dek_514_5085.txt</wartosc>
  </identyfikator>
  <jezyk kod="pol"></jezyk>
  <relacja>
    <identyfikator>
      <typ>eKancelariaID</typ>
      <wartosc>Dok_514_2344</wartosc>
    </identyfikator>
    <typ>jestDekretacją</typ>
  </relacja>
  <tworca>
    <funkcja>stworzył</funkcja>
    <podmiot>
      <instytucja>
        <id typ="REGON"></id>
        <nazwa>CSIOZ</nazwa>
        <jednostka>
          <nazwa>Dyrektor</nazwa>
          <pracownik>
            <nazwisko>Czartoryska</nazwisko>
            <imie>Małgorzata (sekr.)</imie>
            <funkcja>asystent</funkcja>
          </pracownik>
        </jednostka>
      </instytucja>
    </podmiot>
  </tworca>
  <typ>
    <kategoria>Text</kategoria>
    <rodzaj>Dekretacja</rodzaj>
  </typ>
  <tytul>
    <oryginalny jezyk="pol">Dekretacja dokumentu</oryginalny>
  </tytul>
</dokument>