<dokument xmlns:xsi="http://www.w3.org/2001/XMLSchema-instance" xmlns:xsd="http://www.w3.org/2001/XMLSchema" xmlns="http://www.mswia.gov.pl/standardy/ndap" xsi:schemaLocation="http://www.mswia.gov.pl/standardy/ndap Metadane-1.7.xsd">
  <odbiorca>
    <podmiot>
      <instytucja>
        <id typ="REGON"></id>
        <nazwa>CSIOZ</nazwa>
        <jednostka>
          <nazwa>Dyrektor</nazwa>
        </jednostka>
      </instytucja>
    </podmiot>
    <rodzaj>glowny</rodzaj>
  </odbiorca>
  <data>
    <typ>stworzony</typ>
    <czas>2011-01-24T11:41:05</czas>
  </data>
  <dostep>
    <dostepnosc>wszystko</dostepnosc>
  </dostep>
  <format>
    <typ>multipart/mixed</typ>
  </format>
  <grupowanie>
    <typ>znak sprawy</typ>
    <kod>CSIOZ-WFE-SFK.6080.4.2011</kod>
    <opis>Wnioski o płatność</opis>
  </grupowanie>
  <identyfikator>
    <typ>eKancelariaID</typ>
    <wartosc>Dok_514_2344</wartosc>
  </identyfikator>
  <jezyk kod="pol"></jezyk>
  <relacja>
    <identyfikator>
      <typ>eKancelariaID</typ>
      <wartosc>Dek_514_5079.txt</wartosc>
    </identyfikator>
    <typ>maDekretację</typ>
  </relacja>
  <relacja>
    <identyfikator>
      <typ>eKancelariaID</typ>
      <wartosc>Dek_514_5085.txt</wartosc>
    </identyfikator>
    <typ>maDekretację</typ>
  </relacja>
  <relacja>
    <identyfikator>
      <typ>eKancelariaID</typ>
      <wartosc>Dek_514_5106.txt</wartosc>
    </identyfikator>
    <typ>maDekretację</typ>
  </relacja>
  <relacja>
    <identyfikator>
      <typ>eKancelariaID</typ>
      <wartosc>Dek_514_5109.txt</wartosc>
    </identyfikator>
    <typ>maDekretację</typ>
  </relacja>
  <relacja>
    <identyfikator>
      <typ>eKancelariaID</typ>
      <wartosc>Dek_514_5241.txt</wartosc>
    </identyfikator>
    <typ>maDekretację</typ>
  </relacja>
  <relacja>
    <identyfikator>
      <typ>eKancelariaID</typ>
      <wartosc>Dek_514_6080.txt</wartosc>
    </identyfikator>
    <typ>maDekretację</typ>
  </relacja>
  <relacja>
    <identyfikator>
      <typ>eKancelariaID</typ>
      <wartosc>Dek_514_6081.txt</wartosc>
    </identyfikator>
    <typ>maDekretację</typ>
  </relacja>
  <relacja>
    <identyfikator>
      <typ>eKancelariaID</typ>
      <wartosc>Dek_514_8027.txt</wartosc>
    </identyfikator>
    <typ>maDekretację</typ>
  </relacja>
  <relacja>
    <identyfikator>
      <typ>eKancelariaID</typ>
      <wartosc>Dok_514_3493</wartosc>
    </identyfikator>
    <typ>maOdniesienie</typ>
  </relacja>
  <tworca>
    <funkcja>stworzył</funkcja>
    <podmiot>
      <instytucja>
        <id typ="REGON"></id>
        <nazwa>Szpital Wojewódzki im. św. Łukasza SP ZOZ w Tarnowie</nazwa>
        <jednostka>
          <nazwa>Szpital Wojewódzki im. św. Łukasza SP ZOZ w Tarnowie</nazwa>
        </jednostka>
      </instytucja>
    </podmiot>
  </tworca>
  <typ>
    <kategoria>Text</kategoria>
    <rodzaj>plik</rodzaj>
  </typ>
  <tytul>
    <oryginalny jezyk="pol">uzupelnienie do WnoP nr 3; Tarnow; 312/08</oryginalny>
  </tytul>
</dokument>