<dokument xmlns:xsi="http://www.w3.org/2001/XMLSchema-instance" xmlns:xsd="http://www.w3.org/2001/XMLSchema" xmlns="http://www.mswia.gov.pl/standardy/ndap" xsi:schemaLocation="http://www.mswia.gov.pl/standardy/ndap Metadane-1.7.xsd">
  <odbiorca>
    <podmiot>
      <instytucja>
        <id typ="REGON"></id>
        <nazwa>Szpital Wojewódzki Sp ZOZ im. św. Łukasza</nazwa>
        <jednostka>
          <nazwa>Szpital Wojewódzki Sp ZOZ im. św. Łukasza</nazwa>
          <pracownik>
            <nazwisko>Czech</nazwisko>
            <imie>Anna</imie>
            <funkcja>pracownik</funkcja>
          </pracownik>
        </jednostka>
      </instytucja>
    </podmiot>
    <rodzaj>glowny</rodzaj>
  </odbiorca>
  <data>
    <typ>stworzony</typ>
    <czas>2011-03-04T14:03:03</czas>
  </data>
  <dostep>
    <dostepnosc>wszystko</dostepnosc>
  </dostep>
  <format>
    <typ>multipart/mixed</typ>
  </format>
  <grupowanie>
    <typ>znak sprawy</typ>
    <kod>CSIOZ-WFE-SFK.6080.4.2011</kod>
    <opis>Wnioski o płatność</opis>
  </grupowanie>
  <identyfikator>
    <typ>eKancelariaID</typ>
    <wartosc>Dok_514_4834</wartosc>
  </identyfikator>
  <jezyk kod="pol"></jezyk>
  <relacja>
    <identyfikator>
      <typ>eKancelariaID</typ>
      <wartosc>Dok_514_4038</wartosc>
    </identyfikator>
    <typ>odnosiSięDo</typ>
  </relacja>
  <tworca>
    <funkcja>stworzył</funkcja>
    <podmiot>
      <instytucja>
        <id typ="REGON"></id>
        <nazwa>CSIOZ</nazwa>
        <jednostka>
          <nazwa>Biuro Zarządzania Projektami</nazwa>
          <pracownik>
            <nazwisko>Ćwiklicka-Prachnio</nazwisko>
            <imie>Dominika</imie>
            <funkcja>główny specjalista</funkcja>
          </pracownik>
        </jednostka>
      </instytucja>
    </podmiot>
  </tworca>
  <typ>
    <kategoria>Text</kategoria>
    <rodzaj>plik</rodzaj>
  </typ>
  <tytul>
    <oryginalny jezyk="pol">312 Tarnów, wniosek o płatność numer 3 (płatność pośrednia), UDA-POIS.12.01.00-00-312/08-00</oryginalny>
  </tytul>
</dokument>