<dokument xmlns:xsi="http://www.w3.org/2001/XMLSchema-instance" xmlns:xsd="http://www.w3.org/2001/XMLSchema" xmlns="http://www.mswia.gov.pl/standardy/ndap" xsi:schemaLocation="http://www.mswia.gov.pl/standardy/ndap Metadane-1.7.xsd">
  <odbiorca>
    <podmiot>
      <instytucja>
        <id typ="REGON"></id>
        <nazwa>Śląskie Centrum Chorób 
Serca w Zabrzu</nazwa>
        <jednostka>
          <nazwa>Śląskie Centrum Chorób 
Serca w Zabrzu</nazwa>
          <pracownik>
            <nazwisko>Zembala</nazwisko>
            <imie>Marian</imie>
            <funkcja>pracownik</funkcja>
          </pracownik>
        </jednostka>
      </instytucja>
    </podmiot>
    <rodzaj>glowny</rodzaj>
  </odbiorca>
  <data>
    <typ>stworzony</typ>
    <czas>2011-01-05T09:56:59</czas>
  </data>
  <dostep>
    <dostepnosc>wszystko</dostepnosc>
  </dostep>
  <format>
    <typ>application/vnd.openxmlformats-officedocument.wordprocessingml.document</typ>
  </format>
  <grupowanie>
    <typ>znak sprawy</typ>
    <kod>CSIOZ-WFE-SFK.6080.2.2011</kod>
    <opis>Wnioski o płatność</opis>
  </grupowanie>
  <identyfikator>
    <typ>eKancelariaID</typ>
    <wartosc>Dok_478_1300.docx</wartosc>
  </identyfikator>
  <jezyk kod="pol"></jezyk>
  <tworca>
    <funkcja>stworzył</funkcja>
    <podmiot>
      <instytucja>
        <id typ="REGON"></id>
        <nazwa>CSIOZ</nazwa>
        <jednostka>
          <nazwa>Wydział Funduszy Europejskich</nazwa>
          <pracownik>
            <nazwisko>Romanowicz</nazwisko>
            <imie>Grzegorz</imie>
            <funkcja>starszy specjalista</funkcja>
          </pracownik>
        </jednostka>
      </instytucja>
    </podmiot>
  </tworca>
  <typ>
    <kategoria>Text</kategoria>
    <rodzaj>plik</rodzaj>
  </typ>
  <tytul>
    <oryginalny jezyk="pol">12.2 042/08 Wniosek nr 3 Wezwanie do uzupełnenia.</oryginalny>
  </tytul>
</dokument>