<dokument xmlns:xsi="http://www.w3.org/2001/XMLSchema-instance" xmlns:xsd="http://www.w3.org/2001/XMLSchema" xmlns="http://www.mswia.gov.pl/standardy/ndap" xsi:schemaLocation="http://www.mswia.gov.pl/standardy/ndap Metadane-1.7.xsd">
  <odbiorca>
    <podmiot>
      <instytucja>
        <id typ="REGON"></id>
        <nazwa>CSIOZ</nazwa>
        <jednostka>
          <nazwa>Dyrektor</nazwa>
        </jednostka>
      </instytucja>
    </podmiot>
    <rodzaj>glowny</rodzaj>
  </odbiorca>
  <data>
    <typ>stworzony</typ>
    <czas>2011-01-12T14:20:17</czas>
  </data>
  <dostep>
    <dostepnosc>wszystko</dostepnosc>
  </dostep>
  <format>
    <typ>multipart/mixed</typ>
  </format>
  <grupowanie>
    <typ>znak sprawy</typ>
    <kod>CSIOZ-WFE-SFK.6080.2.2011</kod>
    <opis>Wnioski o płatność</opis>
  </grupowanie>
  <identyfikator>
    <typ>eKancelariaID</typ>
    <wartosc>Dok_478_1670</wartosc>
  </identyfikator>
  <jezyk kod="pol"></jezyk>
  <relacja>
    <identyfikator>
      <typ>eKancelariaID</typ>
      <wartosc>Dek_478_3300.txt</wartosc>
    </identyfikator>
    <typ>maDekretację</typ>
  </relacja>
  <relacja>
    <identyfikator>
      <typ>eKancelariaID</typ>
      <wartosc>Dek_478_3301.txt</wartosc>
    </identyfikator>
    <typ>maDekretację</typ>
  </relacja>
  <relacja>
    <identyfikator>
      <typ>eKancelariaID</typ>
      <wartosc>Dek_478_3332.txt</wartosc>
    </identyfikator>
    <typ>maDekretację</typ>
  </relacja>
  <relacja>
    <identyfikator>
      <typ>eKancelariaID</typ>
      <wartosc>Dek_478_3335.txt</wartosc>
    </identyfikator>
    <typ>maDekretację</typ>
  </relacja>
  <relacja>
    <identyfikator>
      <typ>eKancelariaID</typ>
      <wartosc>Dek_478_3350.txt</wartosc>
    </identyfikator>
    <typ>maDekretację</typ>
  </relacja>
  <relacja>
    <identyfikator>
      <typ>eKancelariaID</typ>
      <wartosc>Dek_478_4407.txt</wartosc>
    </identyfikator>
    <typ>maDekretację</typ>
  </relacja>
  <relacja>
    <identyfikator>
      <typ>eKancelariaID</typ>
      <wartosc>Dek_478_4487.txt</wartosc>
    </identyfikator>
    <typ>maDekretację</typ>
  </relacja>
  <relacja>
    <identyfikator>
      <typ>eKancelariaID</typ>
      <wartosc>Dek_478_4488.txt</wartosc>
    </identyfikator>
    <typ>maDekretację</typ>
  </relacja>
  <relacja>
    <identyfikator>
      <typ>eKancelariaID</typ>
      <wartosc>Dek_478_4645.txt</wartosc>
    </identyfikator>
    <typ>maDekretację</typ>
  </relacja>
  <relacja>
    <identyfikator>
      <typ>eKancelariaID</typ>
      <wartosc>Dok_478_4802</wartosc>
    </identyfikator>
    <typ>maOdniesienie</typ>
  </relacja>
  <tworca>
    <funkcja>stworzył</funkcja>
    <podmiot>
      <instytucja>
        <id typ="REGON"></id>
        <nazwa>Śląskie Centrum Chorób Serca w Zabrzu</nazwa>
        <jednostka>
          <nazwa>Śląskie Centrum Chorób Serca w Zabrzu</nazwa>
        </jednostka>
      </instytucja>
    </podmiot>
  </tworca>
  <typ>
    <kategoria>Text</kategoria>
    <rodzaj>plik</rodzaj>
  </typ>
  <tytul>
    <oryginalny jezyk="pol">Uzupełnienie do wniosku nr 3
UDA-POIS.12.02.00-00-042/08-00 SCCS w Zabrzu</oryginalny>
  </tytul>
</dokument>