<dokument xmlns:xsi="http://www.w3.org/2001/XMLSchema-instance" xmlns:xsd="http://www.w3.org/2001/XMLSchema" xmlns="http://www.mswia.gov.pl/standardy/ndap" xsi:schemaLocation="http://www.mswia.gov.pl/standardy/ndap Metadane-1.7.xsd">
  <odbiorca>
    <podmiot>
      <instytucja>
        <id typ="REGON"></id>
        <nazwa>CSIOZ</nazwa>
        <jednostka>
          <nazwa>Dyrektor</nazwa>
        </jednostka>
      </instytucja>
    </podmiot>
    <rodzaj>glowny</rodzaj>
  </odbiorca>
  <data>
    <typ>stworzony</typ>
    <czas>2011-02-21T14:48:40</czas>
  </data>
  <dostep>
    <dostepnosc>wszystko</dostepnosc>
  </dostep>
  <format>
    <typ>multipart/mixed</typ>
  </format>
  <grupowanie>
    <typ>znak sprawy</typ>
    <kod>CSIOZ-WFE-SFK.6080.4.2011</kod>
    <opis>Wnioski o płatność</opis>
  </grupowanie>
  <identyfikator>
    <typ>eKancelariaID</typ>
    <wartosc>Dok_514_4038</wartosc>
  </identyfikator>
  <jezyk kod="pol"></jezyk>
  <relacja>
    <identyfikator>
      <typ>eKancelariaID</typ>
      <wartosc>Dek_514_10701.txt</wartosc>
    </identyfikator>
    <typ>maDekretację</typ>
  </relacja>
  <relacja>
    <identyfikator>
      <typ>eKancelariaID</typ>
      <wartosc>Dek_514_10702.txt</wartosc>
    </identyfikator>
    <typ>maDekretację</typ>
  </relacja>
  <relacja>
    <identyfikator>
      <typ>eKancelariaID</typ>
      <wartosc>Dek_514_10756.txt</wartosc>
    </identyfikator>
    <typ>maDekretację</typ>
  </relacja>
  <relacja>
    <identyfikator>
      <typ>eKancelariaID</typ>
      <wartosc>Dek_514_9660.txt</wartosc>
    </identyfikator>
    <typ>maDekretację</typ>
  </relacja>
  <relacja>
    <identyfikator>
      <typ>eKancelariaID</typ>
      <wartosc>Dek_514_9664.txt</wartosc>
    </identyfikator>
    <typ>maDekretację</typ>
  </relacja>
  <relacja>
    <identyfikator>
      <typ>eKancelariaID</typ>
      <wartosc>Dek_514_9823.txt</wartosc>
    </identyfikator>
    <typ>maDekretację</typ>
  </relacja>
  <relacja>
    <identyfikator>
      <typ>eKancelariaID</typ>
      <wartosc>Dek_514_9870.txt</wartosc>
    </identyfikator>
    <typ>maDekretację</typ>
  </relacja>
  <relacja>
    <identyfikator>
      <typ>eKancelariaID</typ>
      <wartosc>Dek_514_9925.txt</wartosc>
    </identyfikator>
    <typ>maDekretację</typ>
  </relacja>
  <relacja>
    <identyfikator>
      <typ>eKancelariaID</typ>
      <wartosc>Dok_514_4834</wartosc>
    </identyfikator>
    <typ>maOdniesienie</typ>
  </relacja>
  <tworca>
    <funkcja>stworzył</funkcja>
    <podmiot>
      <instytucja>
        <id typ="REGON"></id>
        <nazwa>Szpital Wojewódzki Sp ZOZ im. św. Łukasza</nazwa>
        <jednostka>
          <nazwa>Szpital Wojewódzki Sp ZOZ im. św. Łukasza</nazwa>
          <pracownik>
            <nazwisko>Czech</nazwisko>
            <imie>Anna</imie>
            <funkcja>pracownik</funkcja>
          </pracownik>
        </jednostka>
      </instytucja>
    </podmiot>
  </tworca>
  <typ>
    <kategoria>Text</kategoria>
    <rodzaj>plik</rodzaj>
  </typ>
  <tytul>
    <oryginalny jezyk="pol">poprawa WnoP nr 3 312/08 Tarnow</oryginalny>
  </tytul>
</dokument>