<dokument xmlns:xsi="http://www.w3.org/2001/XMLSchema-instance" xmlns:xsd="http://www.w3.org/2001/XMLSchema" xmlns="http://www.mswia.gov.pl/standardy/ndap" xsi:schemaLocation="http://www.mswia.gov.pl/standardy/ndap Metadane-1.7.xsd">
  <odbiorca>
    <podmiot>
      <instytucja>
        <id typ="REGON"></id>
        <nazwa>Śląskie Centrum Chorób 
Serca w Zabrzu</nazwa>
        <jednostka>
          <nazwa>Śląskie Centrum Chorób 
Serca w Zabrzu</nazwa>
          <pracownik>
            <nazwisko>Zembala</nazwisko>
            <imie>Marian</imie>
            <funkcja>pracownik</funkcja>
          </pracownik>
        </jednostka>
      </instytucja>
    </podmiot>
    <rodzaj>glowny</rodzaj>
  </odbiorca>
  <data>
    <typ>stworzony</typ>
    <czas>2011-03-04T12:28:42</czas>
  </data>
  <dostep>
    <dostepnosc>wszystko</dostepnosc>
  </dostep>
  <format>
    <typ>multipart/mixed</typ>
  </format>
  <grupowanie>
    <typ>znak sprawy</typ>
    <kod>CSIOZ-WFE-SFK.6080.2.2011</kod>
    <opis>Wnioski o płatność</opis>
  </grupowanie>
  <identyfikator>
    <typ>eKancelariaID</typ>
    <wartosc>Dok_478_4802</wartosc>
  </identyfikator>
  <jezyk kod="pol"></jezyk>
  <relacja>
    <identyfikator>
      <typ>eKancelariaID</typ>
      <wartosc>Dok_478_1670</wartosc>
    </identyfikator>
    <typ>odnosiSięDo</typ>
  </relacja>
  <tworca>
    <funkcja>stworzył</funkcja>
    <podmiot>
      <instytucja>
        <id typ="REGON"></id>
        <nazwa>CSIOZ</nazwa>
        <jednostka>
          <nazwa>Wydział Funduszy Europejskich</nazwa>
          <pracownik>
            <nazwisko>Romanowicz</nazwisko>
            <imie>Grzegorz</imie>
            <funkcja>starszy specjalista</funkcja>
          </pracownik>
        </jednostka>
      </instytucja>
    </podmiot>
  </tworca>
  <typ>
    <kategoria>Text</kategoria>
    <rodzaj>plik</rodzaj>
  </typ>
  <tytul>
    <oryginalny jezyk="pol">Informacja o wyniku weryfikacji wniosku nr 3 (rozliczenie zaliczki i płatność pośrednia)
UDA-POIS.12.02.00-00-042/08-00 SCCS w Zabrzu</oryginalny>
  </tytul>
</dokument>