<?xml version="1.0" encoding="utf-8"?><dokument xmlns:xsi="http://www.w3.org/2001/XMLSchema-instance" xsi:schemaLocation="http://www.mswia.gov.pl/standardy/ndap Metadane-1.6.xsd" xmlns="http://www.mswia.gov.pl/standardy/ndap"><data><typ>daty skrajne</typ><od>2021-10-13T15:54:07+02:00</od><do>2021-11-30T11:21:34+01:00</do></data><dostep><dostepnosc>niedostepne</dostepnosc></dostep><format><typ>text/xml</typ></format><identyfikator><typ>znak sprawy</typ><wartosc>AB.6743.2139.2021.KZ</wartosc></identyfikator><jezyk kod="pol" /><opis>dz. 140/3, 226
125
Zgierz</opis><kwalifikacja><kategoria>A</kategoria><data>2021-12-01T11:32:19+01:00</data><podmiot><instytucja><id typ="NIP">732-17-87-220</id><nazwa>Starostwo Powiatowe w Zgierzu</nazwa><jednostka><nazwa>Wydział Architektury i Budownictwa</nazwa><pracownik><nazwisko>Zieliński</nazwisko><imie>Karol</imie></pracownik></jednostka></instytucja></podmiot></kwalifikacja><tworca><funkcja>stworzył</funkcja><podmiot><instytucja><id typ="NIP">732-17-87-220</id><nazwa>Starostwo Powiatowe w Zgierzu</nazwa><jednostka><nazwa>Wydział Architektury i Budownictwa</nazwa><pracownik><nazwisko>Zieliński</nazwisko><imie>Karol</imie></pracownik></jednostka></instytucja></podmiot></tworca><typ><kategoria>Collection</kategoria><rodzaj>Sprawa</rodzaj></typ><tytul><oryginalny>ZGŁOSZENIE budowy gazociągu Zgierz, ul. Obywatelska, ul. Bazylijska</oryginalny></tytul></dokument>