<dokument xmlns:xsi="http://www.w3.org/2001/XMLSchema-instance" xmlns:xsd="http://www.w3.org/2001/XMLSchema" xmlns="http://www.mswia.gov.pl/standardy/ndap" xsi:schemaLocation="http://www.mswia.gov.pl/standardy/ndap Metadane-2.0.xsd">
  <identyfikator>
    <typidentyfikatora>id.eNadzor</typidentyfikatora>
    <wartoscId>1.19098.20201117110435.34951</wartoscId>
    <podmiot>
      <instytucja>
        <id typId="NIP">9541727830</id>
        <nazwa>Śląski Urząd Wojewódzki w Katowicach</nazwa>
        <kontakt typKontaktu="e-mail">majewskae@katowice.uw.gov.pl</kontakt>
      </instytucja>
    </podmiot>
  </identyfikator>
  <identyfikator>
    <typidentyfikatora>Znak sprawy</typidentyfikatora>
    <wartoscId>NPII.4130.185.9.2020</wartoscId>
  </identyfikator>
  <identyfikator>
    <typidentyfikatora>Nazwa pliku</typidentyfikatora>
    <wartoscId>Skarga na akt nadzoru - JST.pdf</wartoscId>
  </identyfikator>
  <tytul>
    <oryginalny kodJezyka="pol">Skarga na akt nadzoru - JST znak sprawy NPII.4131.2.43.2020 z dnia 17 listopada 2020 r. - dotyczy: Rozstrzygnięcie nadzorcze w całości znak sprawy: NPII.4131.1.53.2020 Wojewody Śląskiego z dnia 13 listopada 2020 r.</oryginalny>
    <alternatywny kodJezyka="pol">Skarga na akt nadzoru - JST nr NPII.4131.2.43.2020 z dnia 17 listopada 2020 r. dot. Rozstrzygnięcie nadzorcze w całości nr NPII.4131.1.53.2020 Wojewody Śląskiego z dnia 13 listopada 2020 r. dot. Uchwała nr XVI/98/2019 Rady Gminy w Czerwionce-Leszczynach z dnia 27 grudnia 2019 r.</alternatywny>
  </tytul>
  <data>
    <typDaty>data na piśmie</typDaty>
    <czas>2020-11-17T00:00:00+01:00</czas>
  </data>
  <data>
    <typDaty>data rejestracji</typDaty>
    <czas>2020-11-17T11:04:35+01:00</czas>
  </data>
  <format>
    <typFormatu>.pdf</typFormatu>
    <specyfikacja>1.7</specyfikacja>
    <niekompletnosc>nie</niekompletnosc>
    <wielkosc miara="KB">19</wielkosc>
  </format>
  <dostep>
    <dostepnosc>niepubliczny</dostepnosc>
  </dostep>
  <typ>
    <klasa>Text</klasa>
    <rodzaj>pismo</rodzaj>
  </typ>
  <typ>
    <klasa>eNadzor</klasa>
    <rodzaj>Skarga na akt nadzoru - JST</rodzaj>
  </typ>
  <typ>
    <klasa>Text</klasa>
    <rodzaj>skarga</rodzaj>
  </typ>
  <typ>
    <klasa>Text</klasa>
    <rodzaj>Odwzorowanie cyfrowe - Nie</rodzaj>
  </typ>
  <grupowanie>
    <typGrupy>Znak sprawy</typGrupy>
    <kodGrupy>NPII.4131.2.43.2020</kodGrupy>
    <opis>Postępowania skargowe</opis>
  </grupowanie>
  <grupowanie>
    <typGrupy>Kolejność dokumentu w systemie eNadzor względem sprawy</typGrupy>
    <kodGrupy>13</kodGrupy>
    <opis>Względem sprawy: NPII.4130.185.9.2020 - Badanie aktów prawa miejscowego organów samorządu terytorialnego - dotyczy: Uchwała Nr XVI/98/2019 Rady Gminy w Czerwionce-Leszczynach z dnia 27 grudnia 2019 r. w sprawie uchwalenia budżetu gminy na rok 2020</opis>
  </grupowanie>
  <tworca>
    <funkcja>utworzył</funkcja>
    <podmiot>
      <instytucja>
        <id typId="NIP">9541727830</id>
        <nazwa>Śląski Urząd Wojewódzki w Katowicach</nazwa>
        <adres>
          <kodPocztowy>40-032</kodPocztowy>
          <miejscowosc>Katowice</miejscowosc>
          <ulica>Jagiellońska</ulica>
          <budynek>25</budynek>
          <kraj>PL</kraj>
        </adres>
        <kontakt typKontaktu="e-mail">majewskae@katowice.uw.gov.pl</kontakt>
      </instytucja>
    </podmiot>
  </tworca>
  <nadawca>
    <podmiot>
      <instytucja>
        <id typId="NIP">9541727830</id>
        <nazwa>Śląski Urząd Wojewódzki w Katowicach</nazwa>
        <adres>
          <kodPocztowy>40-032</kodPocztowy>
          <miejscowosc>Katowice</miejscowosc>
          <ulica>Jagiellońska</ulica>
          <budynek>25</budynek>
          <kraj>PL</kraj>
        </adres>
        <kontakt typKontaktu="e-mail">majewskae@katowice.uw.gov.pl</kontakt>
      </instytucja>
    </podmiot>
  </nadawca>
  <odbiorca>
    <doWiadomosci />
    <podmiot>
      <instytucja>
        <id typId="NIP">6311078875</id>
        <nazwa>Wojewódzki Sąd Administracyjny w Gliwicach</nazwa>
        <adres>
          <kodPocztowy>44-101</kodPocztowy>
          <miejscowosc>Gliwice</miejscowosc>
          <ulica>Prymasa Stefana Wyszyńskiego</ulica>
          <budynek>2</budynek>
          <kraj>PL</kraj>
        </adres>
        <kontakt typKontaktu="e-mail">wis@gliwice.wsa.gov.pl</kontakt>
      </instytucja>
    </podmiot>
  </odbiorca>
  <relacja>
    <identyfikator>
      <typidentyfikatora>Nazwa pliku</typidentyfikatora>
      <wartoscId>Rozstrzygnięcie nadzorcze w całości.zip</wartoscId>
    </identyfikator>
    <typRelacji>odnosi się do</typRelacji>
  </relacja>
  <relacja>
    <identyfikator>
      <typidentyfikatora>Nazwa pliku</typidentyfikatora>
      <wartoscId>Odpowiedź na skargę.pdf</wartoscId>
    </identyfikator>
    <typRelacji>ma odniesienie</typRelacji>
  </relacja>
  <relacja>
    <identyfikator>
      <typidentyfikatora>Nazwa pliku</typidentyfikatora>
      <wartoscId>Pełnomocnictwo.pdf</wartoscId>
    </identyfikator>
    <typRelacji>ma odniesienie</typRelacji>
  </relacja>
  <jezyk kodJezyka="pol">polski</jezyk>
  <opis>Skarga na akt nadzoru - JST nr NPII.4131.2.43.2020 z dnia 17 listopada 2020 r. dot. Rozstrzygnięcie nadzorcze w całości nr NPII.4131.1.53.2020 Wojewody Śląskiego z dnia 13 listopada 2020 r. dot. Uchwała nr XVI/98/2019 Rady Gminy w Czerwionce-Leszczynach z dnia 27 grudnia 2019 r.</opis>
</dokument>