﻿<?xml version="1.0" encoding="utf-8"?>
<ndap:dokument xmlns:ndap="http://www.mswia.gov.pl/standardy/ndap" xmlns:un.ece.unedocs.cl.iso3166="http://www.unece.org/etrades/unedocs/repository/codelists/xml/CountryCode.xsd" xmlns:iso639-2="http://lcweb.loc.gov/standards/iso639-2/">
  <ndap:data>
    <ndap:typ>wyslany</ndap:typ>
    <ndap:czas>2018-04-29 22:00:00</ndap:czas>
  </ndap:data>
  <ndap:dostep>
    <ndap:dostepnosc>wszystko</ndap:dostepnosc>
  </ndap:dostep>
  <ndap:format>
    <ndap:typ>ZIPX</ndap:typ>
  </ndap:format>
  <ndap:identyfikator>
    <ndap:typ>Numer aktu</ndap:typ>
    <ndap:wartosc>1/2018</ndap:wartosc>
  </ndap:identyfikator>
  <ndap:identyfikator>
    <ndap:typ>Nazwa pliku</ndap:typ>
    <ndap:wartosc>ROZPORZADZENIE_12018_1_Rozporzadzenie.1.2018.2018-05-02.zipx</ndap:wartosc>
  </ndap:identyfikator>
  <ndap:tworca>
    <ndap:funkcja>stworzyl</ndap:funkcja>
    <ndap:podmiot>
      <ndap:instytucja>
        <ndap:nazwa>Powiatowy Lekarz Weterynarii w Leżajsku</ndap:nazwa>
      </ndap:instytucja>
    </ndap:podmiot>
  </ndap:tworca>
  <ndap:typ>
    <ndap:kategoria>Dataset</ndap:kategoria>
  </ndap:typ>
  <ndap:tytul>
    <ndap:oryginalny jezyk="pl-PL"></ndap:oryginalny>
  </ndap:tytul>
</ndap:dokument>