﻿<?xml version="1.0" encoding="utf-8"?>
<wnio:Dokument xmlns:meta="http://crd.gov.pl/xml/schematy/meta/2009/11/16/" xmlns:str="http://crd.gov.pl/xml/schematy/struktura/2009/11/16/" xmlns:adr="http://crd.gov.pl/xml/schematy/adres/2009/11/09/" xmlns:oso="http://crd.gov.pl/xml/schematy/osoba/2009/11/16/" xmlns:inst="http://crd.gov.pl/xml/schematy/instytucja/2009/11/16/" xmlns:wnio="http://crd.gov.pl/wzor/2010/01/26/304/" xmlns:xsi="http://www.w3.org/2001/XMLSchema-instance" xsi:schemaLocation="http://crd.gov.pl/wzor/pismo/ schemat.xsd" xmlns:ds="http://www.w3.org/2000/09/xmldsig#">
  <!--Prog Id: Legislator-->
  <wnio:OpisDokumentu>
    <str:CID>263021</str:CID>
    <meta:Data typDaty="stworzony">
      <meta:Czas>2018-05-08</meta:Czas>
    </meta:Data>
    <meta:Identyfikator typIdentyfikatora="Nr wniosku">
      <meta:Wartosc>2/2018</meta:Wartosc>
    </meta:Identyfikator>
    <meta:Identyfikator typIdentyfikatora="Symbol">
      <meta:Wartosc>e_Nadzor</meta:Wartosc>
    </meta:Identyfikator>
    <meta:Dostep>
      <meta:Dostepnosc>wszystko</meta:Dostepnosc>
    </meta:Dostep>
    <meta:RodzajDokumentu>
      <meta:Kategoria>daneStrukturalne</meta:Kategoria>
      <meta:RodzajKategorii>WNIOSEK O OGŁOSZENIE W WOJEWÓDZKIM DZIENNIKU URZĘDOWYM AKTU NORMATYWNEGO / INNEGO AKTU PRAWNEGO</meta:RodzajKategorii>
    </meta:RodzajDokumentu>
    <meta:Jezyk kodJezyka="pl-PL">Polski</meta:Jezyk>
    <meta:OpisDokumentu>Wniosek o przekazanie aktów do nadzoru i publikacji w dzienniku urzędowym</meta:OpisDokumentu>
  </wnio:OpisDokumentu>
  <wnio:DaneDokumentu>
    <str:Naglowek>
      <str:NazwaDokumentu>WNIOSEK O OGŁOSZENIE W WOJEWÓDZKIM DZIENNIKU URZĘDOWYM AKTU NORMATYWNEGO / INNEGO AKTU PRAWNEGO</str:NazwaDokumentu>
      <meta:Identyfikator typIdentyfikatora="Symbol">
        <meta:Wartosc>e_Nadzor</meta:Wartosc>
      </meta:Identyfikator>
    </str:Naglowek>
    <meta:Data typDaty="stworzony">
      <meta:Czas>2018-05-08</meta:Czas>
    </meta:Data>
    <str:Adresaci>
      <meta:Podmiot>
        <inst:Instytucja>
          <inst:IdInstytucji>
            <inst:NIP>1231231233</inst:NIP>
            <inst:InnyIdentyfikator>
              <inst:TypIdentyfikatora>Id systemu UPE</inst:TypIdentyfikatora>
              <inst:WartoscIdentyfikatora>18341</inst:WartoscIdentyfikatora>
            </inst:InnyIdentyfikator>
          </inst:IdInstytucji>
          <inst:NazwaInstytucji>Redakcja Testowa</inst:NazwaInstytucji>
          <inst:Departamenty>
            <inst:Departament Nazwa="Redakcja Dziennika ABC" Symbol="RDU" />
            <inst:Departament Nazwa="Wydział prawny, nadzoru i kontroli" Symbol="Nadzor" />
          </inst:Departamenty>
          <adr:Adres>
            <adr:KodPocztowy>04-555</adr:KodPocztowy>
            <adr:Poczta>Warszawa</adr:Poczta>
            <adr:Miejscowosc>Warszawa</adr:Miejscowosc>
            <adr:Ulica rodzajUlicy="ul">B. Czecha</adr:Ulica>
            <adr:Budynek>9</adr:Budynek>
            <adr:Lokal>7</adr:Lokal>
            <adr:Kraj>PL</adr:Kraj>
            <adr:Wojewodztwo>mazowieckie</adr:Wojewodztwo>
            <adr:Powiat>Warszawa</adr:Powiat>
            <adr:Gmina>Warszawa</adr:Gmina>
          </adr:Adres>
          <adr:Kontakt>
            <adr:Email>biuro@abc-grytner.pl</adr:Email>
          </adr:Kontakt>
          <inst:TypInstytucji ID="7" Nazwa="Governor" Description="Województwo" />
        </inst:Instytucja>
      </meta:Podmiot>
    </str:Adresaci>
    <str:Nadawcy>
      <meta:Podmiot>
        <inst:Instytucja>
          <inst:IdInstytucji>
            <inst:NIP>1234567890</inst:NIP>
            <inst:InnyIdentyfikator>
              <inst:TypIdentyfikatora>Id systemu UPE</inst:TypIdentyfikatora>
              <inst:WartoscIdentyfikatora>27848</inst:WartoscIdentyfikatora>
            </inst:InnyIdentyfikator>
          </inst:IdInstytucji>
          <inst:NazwaInstytucji>ABC PROoo Sp. z o.o.</inst:NazwaInstytucji>
          <inst:Departamenty />
          <adr:Adres>
            <adr:KodPocztowy>03-825</adr:KodPocztowy>
            <adr:Poczta>Warszawa</adr:Poczta>
            <adr:Miejscowosc>Warszawa City</adr:Miejscowosc>
            <adr:Ulica rodzajUlicy="ul">Owsiana</adr:Ulica>
            <adr:Budynek>12</adr:Budynek>
            <adr:Lokal>4</adr:Lokal>
            <adr:Kraj>PL</adr:Kraj>
            <adr:Wojewodztwo>mazowieckie</adr:Wojewodztwo>
            <adr:Powiat>Warszawa</adr:Powiat>
            <adr:Gmina>Warszawa</adr:Gmina>
          </adr:Adres>
          <adr:Kontakt>
            <adr:Email>abc@abcpro.pl</adr:Email>
          </adr:Kontakt>
          <inst:TypInstytucji ID="2" Nazwa="Municipality" Description="Gmina miejska" />
          <inst:Pracownik>
            <oso:Nazwisko rodzajCzlonu="pierwszy"></oso:Nazwisko>
            <inst:Funkcja>test</inst:Funkcja>
          </inst:Pracownik>
        </inst:Instytucja>
      </meta:Podmiot>
    </str:Nadawcy>
  </wnio:DaneDokumentu>
  <wnio:TrescDokumentu rodzaj="wniosek" format="" wersja="1" kodowanie="XML">
    <wnio:MiejscowoscDokumentu>Warszawa City</wnio:MiejscowoscDokumentu>
    <wnio:Informacje>
      <wnio:Informacja>W związku z art. 90 ustawy z dnia 8 marca 1990 r. o samorządzie gminnym (t.j. Dz. U. z 2013 r. poz. 594, poz. 645 i poz. 1318) przekazuję do nadzoru prawnego niżej wymienione akty normatywne / inne akty prawne:</wnio:Informacja>
    </wnio:Informacje>
    <wnio:Oswiadczenia>
      <wnio:Oswiadczenie></wnio:Oswiadczenie>
    </wnio:Oswiadczenia>
    <wnio:Podpis />
    <str:Zalaczniki>
      <str:Zalacznik rodzajZalacznika="rozporzadzenie" format="ZIPX" kodowanie="URI" nazwaPliku="ROZPORZADZENIE_12018_1_Rozporzadzenie.1.2018.2018-05-02.zipx" Grupa="48346758-fb53-4d36-a44b-155e0a442d7d" AdditionalReceiver="RDU; Nadzor" AttachmentNr="0" HashAlgoritm="NONE">
        <str:DaneZalacznika>ROZPORZADZENIE_12018_1_Rozporzadzenie.1.2018.2018-05-02.zipx</str:DaneZalacznika>
        <str:OpisZalacznika>Numer|1/2018;Organ|Powiatowy Lekarz Weterynarii w Leżajsku;OrganDopelniacz|Powiatowego Lekarza Weterynarii w Leżajsku;Data|2018-04-30;Id|48346758-fb53-4d36-a44b-155e0a442d7d;</str:OpisZalacznika>
      </str:Zalacznik>
    </str:Zalaczniki>
  </wnio:TrescDokumentu>
</wnio:Dokument>