{
	"info": {
		"_postman_id": "91844bc9-551c-47b9-bba8-3ceeb69f3d2a",
		"name": "EZD_ezd-adapter archives",
		"schema": "https://schema.getpostman.com/json/collection/v2.1.0/collection.json"
	},
	"item": [
		{
			"name": "ezd-adapter get status accepted",
			"event": [
				{
					"listen": "test",
					"script": {
						"id": "1dab6e18-3333-48a4-aaf9-2de907aca81a",
						"exec": [
							"postman.setNextRequest(\"ezd-adapter start sending archives\")",
							"",
							"",
							""
						],
						"type": "text/javascript"
					}
				}
			],
			"request": {
				"auth": {
					"type": "noauth"
				},
				"method": "GET",
				"header": [
					{
						"key": "Content-Type",
						"type": "text",
						"value": "application/json"
					},
					{
						"key": "X-Ssl-Client-S-Dn",
						"value": "{{val_X-Ssl-Client-S-Dn}}",
						"type": "text"
					}
				],
				"url": {
					"raw": "{{url}}/request/{{global_requestId}}",
					"host": [
						"{{url}}"
					],
					"path": [
						"request",
						"{{global_requestId}}"
					]
				}
			},
			"response": []
		},
		{
			"name": "ezd-adapter start sending archives",
			"event": [
				{
					"listen": "prerequest",
					"script": {
						"id": "baf02f59-c092-4d8f-8ec1-a80f80b46b33",
						"exec": [
							""
						],
						"type": "text/javascript"
					}
				},
				{
					"listen": "test",
					"script": {
						"id": "d2e05093-31aa-4e2c-8d24-52d84ac1f312",
						"exec": [
							"postman.setNextRequest(\"ezd-adapter send file - tar\")",
							"",
							"",
							"pm.test(\"Successful POST request\", function () {",
							"    pm.expect(pm.response.code).to.be.oneOf([200,201,202]);",
							"});",
							"",
							"",
							"var jsonData = JSON.parse(responseBody);",
							"postman.setEnvironmentVariable(\"token\", jsonData.token);",
							"",
							"var v_archiveUploadUrl = '';",
							"      if(jsonData.archiveUploadUrl)",
							"      {",
							"        var splitedParms = jsonData.archiveUploadUrl.split('/');",
							"        v_archiveUploadUrl = splitedParms[splitedParms.length-1];",
							"      }",
							"",
							"",
							"var v_signatureUploadUrl = '';",
							"      if(jsonData.signatureUploadUrl)",
							"      {",
							"        var splitedParms = jsonData.signatureUploadUrl.split('/');",
							"        v_signatureUploadUrl = splitedParms[splitedParms.length-1];",
							"      }",
							"",
							"",
							"var v_hashUploadUrl = '';",
							"      if(jsonData.hashUploadUrl)",
							"      {",
							"        var splitedParms = jsonData.hashUploadUrl.split('/');",
							"        v_hashUploadUrl = splitedParms[splitedParms.length-1];",
							"      }",
							"      ",
							"      ",
							"",
							"pm.globals.set(\"global_archiveId\", jsonData.archiveId);",
							"console.log(jsonData.archiveId);",
							"",
							"",
							"pm.globals.set(\"global_archiveUploadUrl\", v_archiveUploadUrl);",
							"console.log(v_archiveUploadUrl);",
							"",
							"pm.globals.set(\"global_signatureUploadUrl\", v_signatureUploadUrl);",
							"console.log(v_signatureUploadUrl);",
							"",
							"pm.globals.set(\"global_hashUploadUrl\", v_hashUploadUrl);",
							"console.log(v_hashUploadUrl);"
						],
						"type": "text/javascript"
					}
				}
			],
			"request": {
				"auth": {
					"type": "noauth"
				},
				"method": "POST",
				"header": [
					{
						"key": "Content-Type",
						"name": "Content-Type",
						"value": "application/json",
						"type": "text"
					},
					{
						"key": "X-Ssl-Client-S-Dn",
						"value": "{{val_X-Ssl-Client-S-Dn}}",
						"type": "text"
					}
				],
				"body": {
					"mode": "raw",
					"raw": "{\r\n\t\"requestId\": \"{{global_requestId}}\"\r\n}",
					"options": {
						"raw": {
							"language": "json"
						}
					}
				},
				"url": {
					"raw": "{{url}}/archives",
					"host": [
						"{{url}}"
					],
					"path": [
						"archives"
					],
					"query": [
						{
							"key": "",
							"value": "",
							"disabled": true
						}
					]
				}
			},
			"response": [
				{
					"name": "ezd-adapter start sending archives",
					"originalRequest": {
						"method": "POST",
						"header": [
							{
								"key": "Content-Type",
								"type": "text",
								"value": "application/json"
							}
						],
						"body": {
							"mode": "raw",
							"raw": "{\n\t\"requestId\": \"a9096385-68e\"\n}"
						},
						"url": {
							"raw": "http://10.5.0.11:8112/archives",
							"protocol": "http",
							"host": [
								"10",
								"5",
								"0",
								"11"
							],
							"port": "8112",
							"path": [
								"archives"
							]
						}
					},
					"status": "OK",
					"code": 200,
					"_postman_previewlanguage": "json",
					"header": [
						{
							"key": "X-Content-Type-Options",
							"value": "nosniff"
						},
						{
							"key": "X-XSS-Protection",
							"value": "1; mode=block"
						},
						{
							"key": "Cache-Control",
							"value": "no-cache, no-store, max-age=0, must-revalidate"
						},
						{
							"key": "Pragma",
							"value": "no-cache"
						},
						{
							"key": "Expires",
							"value": "0"
						},
						{
							"key": "X-Frame-Options",
							"value": "DENY"
						},
						{
							"key": "Content-Type",
							"value": "application/json;charset=UTF-8"
						},
						{
							"key": "Transfer-Encoding",
							"value": "chunked"
						},
						{
							"key": "Date",
							"value": "Mon, 12 Aug 2019 12:02:38 GMT"
						}
					],
					"cookie": [],
					"body": "{\n    \"archiveId\": \"9b659048-dfb\",\n    \"archiveUploadUrl\": \"http://10.5.0.11:8112/files/0a5b1b0a-2145-418e-af40-b3489123e9cb\",\n    \"signatureUploadUrl\": \"http://10.5.0.11:8112/files/3fd2bbe2-8779-4e27-ab2c-d9d96294bcab\",\n    \"hashUploadUrl\": \"http://10.5.0.11:8112/files/fbec2388-b07b-4461-a055-7e1532a4e6c3\"\n}"
				}
			]
		},
		{
			"name": "ezd-adapter send file - tar",
			"event": [
				{
					"listen": "test",
					"script": {
						"id": "e7ff36f7-7f7c-46e7-bcf4-65408b013ac5",
						"exec": [
							"postman.setNextRequest(\"ezd-adapter send file - xades\")",
							"",
							"",
							"pm.test(\"Successful POST request\", function () {",
							"    pm.expect(pm.response.code).to.be.oneOf([200,201,202]);",
							"});",
							""
						],
						"type": "text/javascript"
					}
				}
			],
			"request": {
				"auth": {
					"type": "noauth"
				},
				"method": "POST",
				"header": [
					{
						"key": "Content-Type",
						"type": "text",
						"value": "multipart/form-data"
					},
					{
						"key": "X-Ssl-Client-S-Dn",
						"value": "{{val_X-Ssl-Client-S-Dn}}",
						"type": "text"
					}
				],
				"body": {
					"mode": "formdata",
					"formdata": [
						{
							"key": "file",
							"type": "file",
							"src": "/C:/Users/rsobieszczyk/Documents/ZASOBY_SVN/postman_REST_API/rest_API/materialy.tar"
						}
					]
				},
				"url": {
					"raw": "{{url}}/files/{{global_archiveUploadUrl}}",
					"host": [
						"{{url}}"
					],
					"path": [
						"files",
						"{{global_archiveUploadUrl}}"
					]
				}
			},
			"response": []
		},
		{
			"name": "ezd-adapter send file - xades",
			"event": [
				{
					"listen": "test",
					"script": {
						"id": "a557800d-52f2-4082-9bc2-0a0175cf3f50",
						"exec": [
							"postman.setNextRequest(\"ezd-adapter send file - sum\")",
							"",
							"",
							"pm.test(\"Successful POST request\", function () {",
							"    pm.expect(pm.response.code).to.be.oneOf([200,201,202]);",
							"});",
							""
						],
						"type": "text/javascript"
					}
				}
			],
			"request": {
				"auth": {
					"type": "noauth"
				},
				"method": "POST",
				"header": [
					{
						"key": "Content-Type",
						"type": "text",
						"value": "multipart/form-data"
					},
					{
						"key": "X-Ssl-Client-S-Dn",
						"value": "{{val_X-Ssl-Client-S-Dn}}",
						"type": "text"
					}
				],
				"body": {
					"mode": "formdata",
					"formdata": [
						{
							"key": "file",
							"type": "file",
							"src": "/C:/Users/rsobieszczyk/Documents/ZASOBY_SVN/postman_REST_API/rest_API/materialy.tar.XaDeS"
						}
					]
				},
				"url": {
					"raw": "{{url}}/files/{{global_signatureUploadUrl}}",
					"host": [
						"{{url}}"
					],
					"path": [
						"files",
						"{{global_signatureUploadUrl}}"
					]
				}
			},
			"response": []
		},
		{
			"name": "ezd-adapter send file - sum",
			"event": [
				{
					"listen": "test",
					"script": {
						"id": "a557800d-52f2-4082-9bc2-0a0175cf3f50",
						"exec": [
							"postman.setNextRequest(\"ezd-adapter mark archive as sent\")",
							"",
							"",
							"pm.test(\"Successful POST request\", function () {",
							"    pm.expect(pm.response.code).to.be.oneOf([200,201,202]);",
							"});",
							""
						],
						"type": "text/javascript"
					}
				}
			],
			"request": {
				"auth": {
					"type": "noauth"
				},
				"method": "POST",
				"header": [
					{
						"key": "Content-Type",
						"type": "text",
						"value": "multipart/form-data"
					},
					{
						"key": "X-Ssl-Client-S-Dn",
						"value": "{{val_X-Ssl-Client-S-Dn}}",
						"type": "text"
					}
				],
				"body": {
					"mode": "formdata",
					"formdata": [
						{
							"key": "file",
							"type": "file",
							"src": "/C:/Users/rsobieszczyk/Documents/ZASOBY_SVN/postman_REST_API/rest_API/materialy_checksum"
						}
					]
				},
				"url": {
					"raw": "{{url}}/files/{{global_hashUploadUrl}}",
					"host": [
						"{{url}}"
					],
					"path": [
						"files",
						"{{global_hashUploadUrl}}"
					]
				}
			},
			"response": []
		},
		{
			"name": "ezd-adapter mark archive as sent",
			"event": [
				{
					"listen": "test",
					"script": {
						"id": "109cd0cc-3cec-47d3-aed9-f7b4b1d4500f",
						"exec": [
							"postman.setNextRequest(\"ezd-adapter get status\")",
							"",
							"",
							"",
							"pm.test(\"Successful POST request\", function () {",
							"    pm.expect(pm.response.code).to.be.oneOf([200,201,202]);",
							"});",
							"",
							"",
							""
						],
						"type": "text/javascript"
					}
				}
			],
			"request": {
				"auth": {
					"type": "noauth"
				},
				"method": "POST",
				"header": [
					{
						"key": "Content-Type",
						"type": "text",
						"value": "application/json"
					},
					{
						"key": "X-Ssl-Client-S-Dn",
						"value": "{{val_X-Ssl-Client-S-Dn}}",
						"type": "text"
					}
				],
				"body": {
					"mode": "raw",
					"raw": ""
				},
				"url": {
					"raw": "{{url}}/archives/mark/{{global_archiveId}}",
					"host": [
						"{{url}}"
					],
					"path": [
						"archives",
						"mark",
						"{{global_archiveId}}"
					]
				}
			},
			"response": [
				{
					"name": "ezd-adapter mark archive as sent",
					"originalRequest": {
						"method": "POST",
						"header": [
							{
								"key": "Content-Type",
								"type": "text",
								"value": "application/json"
							}
						],
						"body": {
							"mode": "raw",
							"raw": ""
						},
						"url": {
							"raw": "http://10.5.0.11:8112/archives/mark/9b659048-dfb",
							"protocol": "http",
							"host": [
								"10",
								"5",
								"0",
								"11"
							],
							"port": "8112",
							"path": [
								"archives",
								"mark",
								"9b659048-dfb"
							]
						}
					},
					"status": "OK",
					"code": 200,
					"_postman_previewlanguage": "json",
					"header": [
						{
							"key": "X-Content-Type-Options",
							"value": "nosniff"
						},
						{
							"key": "X-XSS-Protection",
							"value": "1; mode=block"
						},
						{
							"key": "Cache-Control",
							"value": "no-cache, no-store, max-age=0, must-revalidate"
						},
						{
							"key": "Pragma",
							"value": "no-cache"
						},
						{
							"key": "Expires",
							"value": "0"
						},
						{
							"key": "X-Frame-Options",
							"value": "DENY"
						},
						{
							"key": "Content-Type",
							"value": "application/json;charset=UTF-8"
						},
						{
							"key": "Transfer-Encoding",
							"value": "chunked"
						},
						{
							"key": "Date",
							"value": "Mon, 12 Aug 2019 12:07:35 GMT"
						}
					],
					"cookie": [],
					"body": "{\n    \"archiveMaterialsId\": \"9b659048-dfb\"\n}"
				}
			]
		},
		{
			"name": "ezd-adapter get status",
			"event": [
				{
					"listen": "test",
					"script": {
						"id": "a690f8ac-9dee-4f92-9304-18a712b54f61",
						"exec": [
							"pm.test(\"Successful POST request\", function () {",
							"    pm.expect(pm.response.code).to.be.oneOf([200,201,202]);",
							"});",
							"",
							"",
							"",
							"console.log(\"url\")",
							"console.log(\"global_attachments \");",
							"console.log(\"global_mainFileUploadUrl\");",
							"console.log(\"global_requestId\");",
							"",
							"console.log(\"global_archiveId\");",
							"console.log(\"global_archiveUploadUrl\");",
							"console.log(\"global_signatureUploadUrl\");",
							"console.log(\"global_hashUploadUrl\");",
							"",
							"console.log(\"time_now\");",
							"",
							"",
							"",
							"",
							"",
							"",
							"pm.globals.unset(\"global_attachments\");",
							"pm.globals.unset(\"global_mainFileUploadUrl\");",
							"pm.globals.unset(\"global_requestId\");",
							"",
							"pm.globals.unset(\"global_archiveId\");",
							"pm.globals.unset(\"global_archiveUploadUrl\");",
							"pm.globals.unset(\"global_signatureUploadUrl\");",
							"pm.globals.unset(\"global_hashUploadUrl\");",
							"",
							"pm.globals.unset(\"time_now\");"
						],
						"type": "text/javascript"
					}
				}
			],
			"request": {
				"auth": {
					"type": "noauth"
				},
				"method": "GET",
				"header": [
					{
						"key": "Content-Type",
						"type": "text",
						"value": "application/json"
					},
					{
						"key": "X-Ssl-Client-S-Dn",
						"value": "{{val_X-Ssl-Client-S-Dn}}",
						"type": "text"
					}
				],
				"url": {
					"raw": "{{url}}/archives/{{global_archiveId}}",
					"host": [
						"{{url}}"
					],
					"path": [
						"archives",
						"{{global_archiveId}}"
					]
				}
			},
			"response": []
		}
	],
	"event": [
		{
			"listen": "prerequest",
			"script": {
				"id": "b11fb6a7-b843-4fcd-b31f-6fd943438e70",
				"type": "text/javascript",
				"exec": [
					""
				]
			}
		},
		{
			"listen": "test",
			"script": {
				"id": "c5e3dbea-4d40-4579-8f20-29c6de1abf1e",
				"type": "text/javascript",
				"exec": [
					""
				]
			}
		}
	],
	"protocolProfileBehavior": {}
}