{
	"info": {
		"_postman_id": "66e63aed-c50b-4559-b944-05ed556162f3",
		"name": "EZD_ezd-adapter requests",
		"schema": "https://schema.getpostman.com/json/collection/v2.1.0/collection.json"
	},
	"item": [
		{
			"name": "ezd-adapter create request",
			"event": [
				{
					"listen": "test",
					"script": {
						"id": "0455c34f-582c-4297-83c3-dae53d1fb16c",
						"exec": [
							"postman.setNextRequest(\"ezd-adapter send content list\")\r",
							"\r",
							"\r",
							"pm.test(\"Successful POST request\", function () {\r",
							"    pm.expect(pm.response.code).to.be.oneOf([200,201,202]);\r",
							"});\r",
							"\r",
							"\r",
							"var jsonData = JSON.parse(responseBody);\r",
							"postman.setEnvironmentVariable(\"token\", jsonData.token);\r",
							"\r",
							"var mainFileResult = '';\r",
							"      if(jsonData.mainFileUploadUrl)\r",
							"      {\r",
							"        var splitedParms = jsonData.mainFileUploadUrl.split('/');\r",
							"        mainFileResult = splitedParms[splitedParms.length-1];\r",
							"      }\r",
							"      \r",
							"      \r",
							"var urlResult = '';\r",
							"      if(jsonData.attachments[0].url)\r",
							"      {\r",
							"        var splitedParms = jsonData.attachments[0].url.split('/');\r",
							"        urlResult = splitedParms[splitedParms.length-1];\r",
							"      }\r",
							"      \r",
							"pm.globals.set(\"global_requestId\", jsonData.requestId);\r",
							"console.log(jsonData.requestId);\r",
							"pm.globals.set(\"global_mainFileUploadUrl\", mainFileResult);\r",
							"console.log(jsonData.mainFileUploadUrl);\r",
							"pm.globals.set(\"global_attachments\",urlResult);\r",
							"console.log(jsonData.attachments[0].url);"
						],
						"type": "text/javascript"
					}
				},
				{
					"listen": "prerequest",
					"script": {
						"id": "d8836965-cbd9-4923-b78d-16b30fea6260",
						"exec": [
							"pm.globals.unset(\"global_attachments\");",
							"pm.globals.unset(\"global_mainFileUploadUrl\");",
							"pm.globals.unset(\"global_requestId\");",
							"",
							"pm.globals.unset(\"global_archiveId\");",
							"pm.globals.unset(\"global_archiveUploadUrl\");",
							"pm.globals.unset(\"global_signatureUploadUrl\");",
							"pm.globals.unset(\"global_hashUploadUrl\");",
							"pm.globals.unset(\"time_now\");",
							"",
							"",
							"",
							"const now = new Date();",
							"console.log(now.getTime());",
							"",
							"pm.globals.set(\"time_now\", now.getTime());"
						],
						"type": "text/javascript"
					}
				}
			],
			"request": {
				"auth": {
					"type": "noauth"
				},
				"method": "POST",
				"header": [
					{
						"key": "Content-Type",
						"name": "Content-Type",
						"value": "application/json",
						"type": "text"
					},
					{
						"key": "X-Ssl-Client-S-Dn",
						"value": "{{val_X-Ssl-Client-S-Dn}}",
						"type": "text"
					}
				],
				"body": {
					"mode": "raw",
					"raw": "{\n\t\"requestorId\": \"ZNAK_SPRAWY_{{time_now}}\",\n\t\"requestType\": \"ARCHIVE_TRANSFER\",\n\t\"attachments\": [\n\t\t\"CONTENT_LIST\"\n\t]\n}",
					"options": {
						"raw": {
							"language": "json"
						}
					}
				},
				"url": {
					"raw": "{{url}}/request",
					"host": [
						"{{url}}"
					],
					"path": [
						"request"
					]
				}
			},
			"response": [
				{
					"name": "ezd-adapter create request",
					"originalRequest": {
						"method": "POST",
						"header": [
							{
								"key": "Content-Type",
								"value": "application/json",
								"type": "text"
							}
						],
						"body": {
							"mode": "raw",
							"raw": "{\n    \"requestorId\": \"ZNAK_SPRAWY_SAMPLE1\",\n    \"requestType\": \"ARCHIVE_TRANSFER\",\n    \"attachments\": [\n        \"CONTENT_LIST\"\n    ]\n}"
						},
						"url": {
							"raw": "http://10.5.0.11:8112/request",
							"protocol": "http",
							"host": [
								"10",
								"5",
								"0",
								"11"
							],
							"port": "8112",
							"path": [
								"request"
							]
						}
					},
					"status": "OK",
					"code": 200,
					"_postman_previewlanguage": "json",
					"header": [
						{
							"key": "X-Content-Type-Options",
							"value": "nosniff"
						},
						{
							"key": "X-XSS-Protection",
							"value": "1; mode=block"
						},
						{
							"key": "Cache-Control",
							"value": "no-cache, no-store, max-age=0, must-revalidate"
						},
						{
							"key": "Pragma",
							"value": "no-cache"
						},
						{
							"key": "Expires",
							"value": "0"
						},
						{
							"key": "X-Frame-Options",
							"value": "DENY"
						},
						{
							"key": "Content-Type",
							"value": "application/json;charset=UTF-8"
						},
						{
							"key": "Transfer-Encoding",
							"value": "chunked"
						},
						{
							"key": "Date",
							"value": "Mon, 12 Aug 2019 11:41:26 GMT"
						}
					],
					"cookie": [],
					"body": "{\n    \"requestId\": \"a9096385-68e\",\n    \"mainFileUploadUrl\": \"http://10.5.0.11:8112/files/f69c098d-bb8a-4807-bcfe-98d944138376\",\n    \"attachmentsUrls\": [\n        {\n            \"type\": \"CONTENT_LIST\",\n            \"url\": \"http://10.5.0.11:8112/files/6ef1b821-2624-4653-98c5-86b58801bfcd\"\n        }\n    ]\n}"
				}
			]
		},
		{
			"name": "ezd-adapter send content list",
			"event": [
				{
					"listen": "test",
					"script": {
						"id": "a0ed2481-11b4-4051-b18e-89d25749b463",
						"exec": [
							"postman.setNextRequest(\"ezd-adapter send main file\")\r",
							"\r",
							"\r",
							"pm.test(\"Successful POST request\", function () {\r",
							"    pm.expect(pm.response.code).to.be.oneOf([200,201,202]);\r",
							"});"
						],
						"type": "text/javascript"
					}
				}
			],
			"request": {
				"auth": {
					"type": "noauth"
				},
				"method": "POST",
				"header": [
					{
						"key": "Content-Type",
						"type": "text",
						"value": "multipart/form-data"
					},
					{
						"key": "X-Ssl-Client-S-Dn",
						"value": "{{val_X-Ssl-Client-S-Dn}}",
						"type": "text"
					}
				],
				"body": {
					"mode": "formdata",
					"formdata": [
						{
							"key": "file",
							"type": "file",
							"src": "/C:/Users/rsobieszczyk/Documents/ZASOBY_SVN/postman_REST_API/2019_11_14/spisZO_przyklad.xml"
						}
					]
				},
				"url": {
					"raw": "{{url}}/files/{{global_attachments}}",
					"host": [
						"{{url}}"
					],
					"path": [
						"files",
						"{{global_attachments}}"
					]
				}
			},
			"response": []
		},
		{
			"name": "ezd-adapter send main file",
			"event": [
				{
					"listen": "test",
					"script": {
						"id": "799ddab6-0cdf-4d0e-b54e-a68bbc0f9666",
						"exec": [
							"postman.setNextRequest(\"ezd-adapter mark request as done\")\r",
							"\r",
							"\r",
							"pm.test(\"Successful POST request\", function () {\r",
							"    pm.expect(pm.response.code).to.be.oneOf([200,201,202]);\r",
							"});\r",
							""
						],
						"type": "text/javascript"
					}
				}
			],
			"request": {
				"auth": {
					"type": "noauth"
				},
				"method": "POST",
				"header": [
					{
						"key": "Content-Type",
						"name": "Content-Type",
						"value": "application/xml",
						"type": "text"
					},
					{
						"key": "X-Ssl-Client-S-Dn",
						"value": "{{val_X-Ssl-Client-S-Dn}}",
						"type": "text"
					}
				],
				"body": {
					"mode": "formdata",
					"formdata": [
						{
							"key": "file",
							"type": "file",
							"src": "/C:/Users/rsobieszczyk/Documents/ZASOBY_SVN/postman_REST_API/2019_11_14/request_fix.xml"
						}
					],
					"options": {
						"raw": {
							"language": "xml"
						}
					}
				},
				"url": {
					"raw": "{{url}}/files/{{global_mainFileUploadUrl}}",
					"host": [
						"{{url}}"
					],
					"path": [
						"files",
						"{{global_mainFileUploadUrl}}"
					]
				}
			},
			"response": [
				{
					"name": "ezd-adapter send main",
					"originalRequest": {
						"method": "POST",
						"header": [
							{
								"key": "Content-Type",
								"type": "text",
								"value": "multipart/form-data"
							}
						],
						"body": {
							"mode": "formdata",
							"formdata": [
								{
									"key": "file",
									"type": "file",
									"src": []
								}
							]
						},
						"url": {
							"raw": "http://10.5.0.11:8112/files/f69c098d-bb8a-4807-bcfe-98d944138376",
							"protocol": "http",
							"host": [
								"10",
								"5",
								"0",
								"11"
							],
							"port": "8112",
							"path": [
								"files",
								"f69c098d-bb8a-4807-bcfe-98d944138376"
							]
						}
					},
					"status": "OK",
					"code": 200,
					"_postman_previewlanguage": "plain",
					"header": [
						{
							"key": "X-Content-Type-Options",
							"value": "nosniff"
						},
						{
							"key": "X-XSS-Protection",
							"value": "1; mode=block"
						},
						{
							"key": "Cache-Control",
							"value": "no-cache, no-store, max-age=0, must-revalidate"
						},
						{
							"key": "Pragma",
							"value": "no-cache"
						},
						{
							"key": "Expires",
							"value": "0"
						},
						{
							"key": "X-Frame-Options",
							"value": "DENY"
						},
						{
							"key": "Content-Length",
							"value": "0"
						},
						{
							"key": "Date",
							"value": "Mon, 12 Aug 2019 11:51:05 GMT"
						}
					],
					"cookie": [],
					"body": ""
				},
				{
					"name": "ezd-adapter send main",
					"originalRequest": {
						"method": "POST",
						"header": [
							{
								"key": "Content-Type",
								"type": "text",
								"value": "multipart/form-data"
							}
						],
						"body": {
							"mode": "formdata",
							"formdata": [
								{
									"key": "file",
									"type": "file",
									"src": []
								}
							]
						},
						"url": {
							"raw": "http://10.5.0.11:8112/files/f69c098d-bb8a-4807-bcfe-98d944138376",
							"protocol": "http",
							"host": [
								"10",
								"5",
								"0",
								"11"
							],
							"port": "8112",
							"path": [
								"files",
								"f69c098d-bb8a-4807-bcfe-98d944138376"
							]
						}
					},
					"status": "OK",
					"code": 200,
					"_postman_previewlanguage": "plain",
					"header": [
						{
							"key": "X-Content-Type-Options",
							"value": "nosniff"
						},
						{
							"key": "X-XSS-Protection",
							"value": "1; mode=block"
						},
						{
							"key": "Cache-Control",
							"value": "no-cache, no-store, max-age=0, must-revalidate"
						},
						{
							"key": "Pragma",
							"value": "no-cache"
						},
						{
							"key": "Expires",
							"value": "0"
						},
						{
							"key": "X-Frame-Options",
							"value": "DENY"
						},
						{
							"key": "Content-Length",
							"value": "0"
						},
						{
							"key": "Date",
							"value": "Mon, 12 Aug 2019 11:51:05 GMT"
						}
					],
					"cookie": [],
					"body": ""
				},
				{
					"name": "ezd-adapter send main",
					"originalRequest": {
						"method": "POST",
						"header": [
							{
								"key": "Content-Type",
								"type": "text",
								"value": "multipart/form-data"
							}
						],
						"body": {
							"mode": "formdata",
							"formdata": [
								{
									"key": "file",
									"type": "file",
									"src": []
								}
							]
						},
						"url": {
							"raw": "http://10.5.0.11:8112/files/f69c098d-bb8a-4807-bcfe-98d944138376",
							"protocol": "http",
							"host": [
								"10",
								"5",
								"0",
								"11"
							],
							"port": "8112",
							"path": [
								"files",
								"f69c098d-bb8a-4807-bcfe-98d944138376"
							]
						}
					},
					"status": "OK",
					"code": 200,
					"_postman_previewlanguage": "plain",
					"header": [
						{
							"key": "X-Content-Type-Options",
							"value": "nosniff"
						},
						{
							"key": "X-XSS-Protection",
							"value": "1; mode=block"
						},
						{
							"key": "Cache-Control",
							"value": "no-cache, no-store, max-age=0, must-revalidate"
						},
						{
							"key": "Pragma",
							"value": "no-cache"
						},
						{
							"key": "Expires",
							"value": "0"
						},
						{
							"key": "X-Frame-Options",
							"value": "DENY"
						},
						{
							"key": "Content-Length",
							"value": "0"
						},
						{
							"key": "Date",
							"value": "Mon, 12 Aug 2019 11:51:05 GMT"
						}
					],
					"cookie": [],
					"body": ""
				}
			]
		},
		{
			"name": "ezd-adapter mark request as done",
			"event": [
				{
					"listen": "test",
					"script": {
						"id": "363493df-99ab-4225-b0a4-18b87fe3d6cb",
						"exec": [
							"postman.setNextRequest(\"ezd-adapter get status\")\r",
							"\r",
							"\r",
							"pm.test(\"Successful POST request\", function () {\r",
							"    pm.expect(pm.response.code).to.be.oneOf([200,201,202]);\r",
							"});\r",
							""
						],
						"type": "text/javascript"
					}
				}
			],
			"request": {
				"auth": {
					"type": "noauth"
				},
				"method": "POST",
				"header": [
					{
						"key": "Content-Type",
						"type": "text",
						"value": "application/json"
					},
					{
						"key": "X-Ssl-Client-S-Dn",
						"value": "{{val_X-Ssl-Client-S-Dn}}",
						"type": "text"
					}
				],
				"body": {
					"mode": "raw",
					"raw": ""
				},
				"url": {
					"raw": "{{url}}/request/mark/{{global_requestId}}",
					"host": [
						"{{url}}"
					],
					"path": [
						"request",
						"mark",
						"{{global_requestId}}"
					]
				}
			},
			"response": [
				{
					"name": "ezd-adapter mark request as done",
					"originalRequest": {
						"method": "POST",
						"header": [
							{
								"key": "Content-Type",
								"type": "text",
								"value": "application/json"
							}
						],
						"body": {
							"mode": "raw",
							"raw": ""
						},
						"url": {
							"raw": "http://10.5.0.11:8112/request/mark/a9096385-68e",
							"protocol": "http",
							"host": [
								"10",
								"5",
								"0",
								"11"
							],
							"port": "8112",
							"path": [
								"request",
								"mark",
								"a9096385-68e"
							]
						}
					},
					"status": "OK",
					"code": 200,
					"_postman_previewlanguage": "json",
					"header": [
						{
							"key": "X-Content-Type-Options",
							"value": "nosniff"
						},
						{
							"key": "X-XSS-Protection",
							"value": "1; mode=block"
						},
						{
							"key": "Cache-Control",
							"value": "no-cache, no-store, max-age=0, must-revalidate"
						},
						{
							"key": "Pragma",
							"value": "no-cache"
						},
						{
							"key": "Expires",
							"value": "0"
						},
						{
							"key": "X-Frame-Options",
							"value": "DENY"
						},
						{
							"key": "Content-Type",
							"value": "application/json;charset=UTF-8"
						},
						{
							"key": "Transfer-Encoding",
							"value": "chunked"
						},
						{
							"key": "Date",
							"value": "Mon, 12 Aug 2019 11:56:46 GMT"
						}
					],
					"cookie": [],
					"body": "{\n    \"requestId\": \"a9096385-68e\"\n}"
				}
			]
		},
		{
			"name": "ezd-adapter get status",
			"request": {
				"auth": {
					"type": "noauth"
				},
				"method": "GET",
				"header": [
					{
						"key": "Content-Type",
						"type": "text",
						"value": "application/json"
					},
					{
						"key": "X-Ssl-Client-S-Dn",
						"value": "{{val_X-Ssl-Client-S-Dn}}",
						"type": "text"
					}
				],
				"url": {
					"raw": "{{url}}/request/{{global_requestId}}",
					"host": [
						"{{url}}"
					],
					"path": [
						"request",
						"{{global_requestId}}"
					]
				}
			},
			"response": []
		}
	],
	"event": [
		{
			"listen": "prerequest",
			"script": {
				"id": "a4832eb1-dec9-480e-994f-9a5fd1054ef7",
				"type": "text/javascript",
				"exec": [
					""
				]
			}
		},
		{
			"listen": "test",
			"script": {
				"id": "ee41145b-0188-4d3f-a310-f600420efbf4",
				"type": "text/javascript",
				"exec": [
					""
				]
			}
		}
	],
	"protocolProfileBehavior": {}
}