<dokument xmlns:xsd="http://www.w3.org/2001/XMLSchema" xmlns:xsi="http://www.w3.org/2001/XMLSchema-instance" xmlns="http://www.mswia.gov.pl/standardy/ndap">
  <identyfikator>
    <typidentyfikatora>Znak sprawy</typidentyfikatora>
    <wartoscId>KN-I.4102.3.2020.20</wartoscId>
    <podmiot>
      <instytucja>
        <id typId="NIP">7781012911</id>
        <nazwa>Wielkopolski Urząd Wojewódzki w Poznaniu</nazwa>
        <adres>
          <kodPocztowy>61-713</kodPocztowy>
          <miejscowosc>Poznań</miejscowosc>
          <ulica>Niepodległości</ulica>
          <budynek>16</budynek>
          <lokal>18</lokal>
          <kraj>PL</kraj>
        </adres>
        <kontakt typKontaktu="e-mail">lprzewozna@poznan.uw.gov.pl</kontakt>
      </instytucja>
    </podmiot>
  </identyfikator>
  <identyfikator>
    <typidentyfikatora>id.eNadzor</typidentyfikatora>
    <wartoscId>1.19698.20201102131828.665</wartoscId>
    <podmiot>
      <instytucja>
        <id typId="NIP">7781012911</id>
        <nazwa>Wielkopolski Urząd Wojewódzki w Poznaniu</nazwa>
        <adres>
          <kodPocztowy>61-713</kodPocztowy>
          <miejscowosc>Poznań</miejscowosc>
          <ulica>Niepodległości</ulica>
          <budynek>16</budynek>
          <lokal>18</lokal>
          <kraj>PL</kraj>
        </adres>
        <kontakt typKontaktu="e-mail">lprzewozna@poznan.uw.gov.pl</kontakt>
      </instytucja>
    </podmiot>
  </identyfikator>
  <tytul>
    <oryginalny kodJezyka="pol">KN-I.4102.3.2020.20 Uchwała nr VI/25/2015 test_1 Rady Gminy Gizałki  z dn. 2020-09-09 w sprawie zmiany siedzib obwodowych komisji wyborczych w Gminie Gizałki</oryginalny>
    <alternatywny kodJezyka="pol">Rozstrzygnięcie nadzorcze w całości nr KN-I.4102.3.2020.20 Wojewody Wielkopolskiego z dnia 2 listopada 2020 r. dot. Uchwała nr VI/25/2015 test_1 Rady Gminy Gizałki  z dnia 9 września 2020 r.</alternatywny>
  </tytul>
  <data>
    <zakresDat>daty skrajne</zakresDat>
    <czasOd>2020-11-02T00:00:00+01:00</czasOd>
    <czasDo>2020-11-02T00:00:00+01:00</czasDo>
  </data>
  <format>
    <typFormatu>.xml</typFormatu>
  </format>
  <dostep>
    <dostepnosc>niepubliczny</dostepnosc>
  </dostep>
  <typ>
    <klasa>Text</klasa>
    <rodzaj>Metadane sprawy</rodzaj>
  </typ>
  <grupowanie>
    <typGrupy>Znak sprawy</typGrupy>
    <kodGrupy>KN-I.4100.1.2020.20</kodGrupy>
    <opis>UG Giby</opis>
  </grupowanie>
  <grupowanie>
    <typGrupy>Znak sprawy (nadrzędnej)</typGrupy>
    <kodGrupy>KN-I.4100.1.2020.20</kodGrupy>
    <opis>KN-I.4100.1.2020.20 dot. Uchwała Nr VI/25/2015 test_1 z dnia 2020-09-09 w sprawie zmiany siedzib obwodowych komisji wyborczych w Gminie Gizałki</opis>
  </grupowanie>
  <tworca>
    <funkcja>utworzył</funkcja>
    <podmiot>
      <instytucja>
        <id typId="NIP">7781012911</id>
        <nazwa>Wielkopolski Urząd Wojewódzki w Poznaniu</nazwa>
        <adres>
          <kodPocztowy>61-713</kodPocztowy>
          <miejscowosc>Poznań</miejscowosc>
          <ulica>Niepodległości</ulica>
          <budynek>16</budynek>
          <lokal>18</lokal>
          <kraj>PL</kraj>
        </adres>
        <kontakt typKontaktu="e-mail">lprzewozna@poznan.uw.gov.pl</kontakt>
      </instytucja>
    </podmiot>
  </tworca>
  <tworca>
    <funkcja>utworzył</funkcja>
    <podmiot>
      <osoba>
        <nazwisko>Mudrow</nazwisko>
        <imie>Ewelina</imie>
        <kontakt typKontaktu="email">emudrow@poznan.uw.go.pl</kontakt>
      </osoba>
    </podmiot>
  </tworca>
  <relacja>
    <identyfikator>
      <typidentyfikatora>SystemID</typidentyfikatora>
      <wartoscId>KN-I.4100.1.2020.20.xml</wartoscId>
    </identyfikator>
    <typRelacji>ma odniesienie</typRelacji>
  </relacja>
  <relacja>
    <identyfikator>
      <typidentyfikatora>SystemID</typidentyfikatora>
      <wartoscId>KN-I.4102.2.2020.20.xml</wartoscId>
    </identyfikator>
    <typRelacji>ma odniesienie</typRelacji>
  </relacja>
  <relacja>
    <identyfikator>
      <typidentyfikatora>SystemID</typidentyfikatora>
      <wartoscId>KN-I.4100.1.2020.20.xml</wartoscId>
    </identyfikator>
    <typRelacji>ma odniesienie</typRelacji>
  </relacja>
</dokument>