<?xml version="1.0" encoding="utf-8"?>
<dokument xmlns:xsi="http://www.w3.org/2001/XMLSchema-instance" xsi:schemaLocation="http://www.mswia.gov.pl/standardy/ndap Metadane-1.7.xsd" xmlns="http://www.mswia.gov.pl/standardy/ndap">
  <data>
    <typ>zmodyfikowany</typ>
    <czas>2020-09-18T07:36:08+02:00</czas>
  </data>
  <dostep>
    <dostepnosc>metadane</dostepnosc>
  </dostep>
  <format>
    <typ>.pdf</typ>
    <specyfikacja>1.0</specyfikacja>
  </format>
  <grupowanie>
    <typ>znak sprawy</typ>
    <kod>NPII.4131.1.815.2020</kod>
    <opis>postępowania nadzorcze</opis>
  </grupowanie>
  <grupowanie>
    <typ>EZD.PUW.IdPisma</typ>
    <kod>6925719</kod>
    <opis>Id koszulki</opis>
  </grupowanie>
  <identyfikator>
    <typ>EZD.PUW.IDZalacznika.IdDokumentu</typ>
    <wartosc>10674690.12287352</wartosc>
  </identyfikator>
  <identyfikator>
    <typ>EZD.PUW.NazwaZalacznika</typ>
    <wartosc>Zawiadomienie o wszcz. postępowania andzorczego Nr NPII.4131.1.815.2020.pdf</wartosc>
  </identyfikator>
  <identyfikator>
    <typ>EZD.PUW.IDZalacznika</typ>
    <wartosc>10674690</wartosc>
  </identyfikator>
  <identyfikator>
    <typ>EZD.PUW.IdDokumentu</typ>
    <wartosc>12287352</wartosc>
  </identyfikator>
  <jezyk kod="pol" />
  <opis>PR.007.00014.2020 (ePUAP)</opis>
  <kwalifikacja>
    <kategoria>A</kategoria>
    <data>2020-11-19T14:43:52+01:00</data>
    <podmiot>
      <instytucja>
        <id typ="NIP" />
        <nazwa>Śląski Urząd Wojewódzki</nazwa>
        <jednostka>
          <nazwa>Śląski Urząd Wojewódzki</nazwa>
          <pracownik>
            <nazwisko>Wroński</nazwisko>
            <imie>Rafał</imie>
            <funkcja>Inspektor Wojewódzki</funkcja>
          </pracownik>
        </jednostka>
      </instytucja>
    </podmiot>
  </kwalifikacja>
  <relacja>
    <identyfikator>
      <typ>EZD.PUW.IDZalacznika</typ>
      <wartosc>10674690</wartosc>
    </identyfikator>
    <typ>jestPodpisem</typ>
  </relacja>
  <tworca>
    <funkcja>podpisał</funkcja>
    <podmiot>
      <instytucja>
        <id typ="NIP" />
        <nazwa>Śląski Urząd Wojewódzki</nazwa>
        <jednostka>
          <nazwa>Śląski Urząd Wojewódzki</nazwa>
          <pracownik>
            <nazwisko>Wroński</nazwisko>
            <imie>Rafał</imie>
            <funkcja>Inspektor Wojewódzki</funkcja>
          </pracownik>
        </jednostka>
      </instytucja>
    </podmiot>
  </tworca>
  <typ>
    <kategoria>Text</kategoria>
    <rodzaj>Załącznik</rodzaj>
  </typ>
  <tytul>
    <oryginalny jezyk="pol">Zawiadomienie o wszcz. postępowania andzorczego Nr NPII.4131.1.815.2020.pdf</oryginalny>
  </tytul>
</dokument>