<dokument xmlns:xsd="http://www.w3.org/2001/XMLSchema" xmlns:xsi="http://www.w3.org/2001/XMLSchema-instance" xmlns="http://www.mswia.gov.pl/standardy/ndap" xsi:schemaLocation="http://www.mswia.gov.pl/standardy/ndap Metadane-2.0.xsd">
  <identyfikator>
    <typidentyfikatora>Znak sprawy</typidentyfikatora>
    <wartoscId>NPII.4130.205.1.2021</wartoscId>
    <podmiot>
      <instytucja>
        <id typId="NIP">9541727830</id>
        <nazwa>Śląski Urząd Wojewódzki w Katowicach</nazwa>
        <adres>
          <kodPocztowy>40-032</kodPocztowy>
          <miejscowosc>Katowice</miejscowosc>
          <ulica>Jagiellońska</ulica>
          <budynek>25</budynek>
          <kraj>PL</kraj>
        </adres>
        <kontakt typKontaktu="e-mail">majewskae@katowice.uw.gov.pl</kontakt>
      </instytucja>
    </podmiot>
  </identyfikator>
  <identyfikator>
    <typidentyfikatora>id.eNadzor</typidentyfikatora>
    <wartoscId>1.19098.20210311133453.38893</wartoscId>
    <podmiot>
      <instytucja>
        <id typId="NIP">9541727830</id>
        <nazwa>Śląski Urząd Wojewódzki w Katowicach</nazwa>
        <adres>
          <kodPocztowy>40-032</kodPocztowy>
          <miejscowosc>Katowice</miejscowosc>
          <ulica>Jagiellońska</ulica>
          <budynek>25</budynek>
          <kraj>PL</kraj>
        </adres>
        <kontakt typKontaktu="e-mail">majewskae@katowice.uw.gov.pl</kontakt>
      </instytucja>
    </podmiot>
  </identyfikator>
  <tytul>
    <oryginalny kodJezyka="pol">NPII.4130.205.1.2021 - Badanie aktów prawa miejscowego organów samorządu terytorialnego - dotyczy: Uchwała Nr XXV/168/2021 Rady Gminy Wołomierz z dnia 5 lutego 2021 r. w sprawie pomników przyrody na terenie Gminy Wołomierz.</oryginalny>
    <alternatywny kodJezyka="pol">Uchwała nr XXV/168/2021 Rady Gminy Wołomierz z dnia 5 lutego 2021 r.</alternatywny>
  </tytul>
  <data>
    <zakresDat>daty skrajne</zakresDat>
    <czasOd>2021-02-05T00:00:00+01:00</czasOd>
    <czasDo>2021-03-11T14:31:30+01:00</czasDo>
  </data>
  <format>
    <typFormatu>.xml</typFormatu>
  </format>
  <dostep>
    <dostepnosc>niepubliczny</dostepnosc>
  </dostep>
  <typ>
    <klasa>Text</klasa>
    <rodzaj>Metadane sprawy</rodzaj>
  </typ>
  <typ>
    <klasa>Text</klasa>
    <rodzaj>Główna sprawa - Tak</rodzaj>
  </typ>
  <grupowanie>
    <typGrupy>Znak sprawy</typGrupy>
    <kodGrupy>NPII.4130.205.1.2021</kodGrupy>
    <opis>Wołomierz</opis>
  </grupowanie>
  <tworca>
    <funkcja>utworzył</funkcja>
    <podmiot>
      <instytucja>
        <id typId="NIP">9541727830</id>
        <nazwa>Śląski Urząd Wojewódzki w Katowicach</nazwa>
        <adres>
          <kodPocztowy>40-032</kodPocztowy>
          <miejscowosc>Katowice</miejscowosc>
          <ulica>Jagiellońska</ulica>
          <budynek>25</budynek>
          <kraj>PL</kraj>
        </adres>
        <kontakt typKontaktu="e-mail">majewskae@katowice.uw.gov.pl</kontakt>
      </instytucja>
    </podmiot>
  </tworca>
  <tworca>
    <funkcja>utworzył</funkcja>
    <podmiot>
      <osoba>
        <nazwisko>Grabowski</nazwisko>
        <imie>Zbigniew</imie>
        <kontakt typKontaktu="email" />
      </osoba>
    </podmiot>
  </tworca>
  <relacja>
    <identyfikator>
      <typidentyfikatora>Nazwa pliku</typidentyfikatora>
      <wartoscId>NPII.4131.1.34.2021.xml</wartoscId>
    </identyfikator>
    <typRelacji>ma odniesienie</typRelacji>
  </relacja>
  <relacja>
    <identyfikator>
      <typidentyfikatora>Nazwa pliku</typidentyfikatora>
      <wartoscId>0552/27/2021.xml</wartoscId>
    </identyfikator>
    <typRelacji>ma odniesienie</typRelacji>
  </relacja>
</dokument>