<?xml version="1.0" encoding="utf-8"?>
<ndap:dokument xmlns:ndap="http://www.mswia.gov.pl/standardy/ndap" xmlns:un.ece.unedocs.cl.iso3166="http://www.unece.org/etrades/unedocs/repository/codelists/xml/CountryCode.xsd" xmlns:iso639-2="http://lcweb.loc.gov/standards/iso639-2/">
  <ndap:data>
    <ndap:typ>stworzony</ndap:typ>
    <ndap:czas>0001-01-01 00:00:00</ndap:czas>
  </ndap:data>
  <ndap:data>
    <ndap:typ>dostepnyPo</ndap:typ>
    <ndap:czas>2019-12-26 23:00:00</ndap:czas>
  </ndap:data>
  <ndap:data>
    <ndap:typ>zmodyfikowany</ndap:typ>
    <ndap:czas>2020-02-21 11:50:56</ndap:czas>
  </ndap:data>
  <ndap:dostep>
    <ndap:dostepnosc>wszystko</ndap:dostepnosc>
    <ndap:data>
      <ndap:typ>stworzony</ndap:typ>
      <ndap:czas>0001-01-01 00:00:00</ndap:czas>
    </ndap:data>
  </ndap:dostep>
  <ndap:format>
    <ndap:typ>XML</ndap:typ>
    <ndap:specyfikacja>http://files.abcpro.pl/download/legislator/schemat.xsd</ndap:specyfikacja>
  </ndap:format>
  <ndap:identyfikator>
    <ndap:typ>Id</ndap:typ>
    <ndap:wartosc>D326969D-B3CD-4ADD-A347-0283546E67CF</ndap:wartosc>
  </ndap:identyfikator>
  <ndap:identyfikator>
    <ndap:typ>Numer dokumentu</ndap:typ>
    <ndap:wartosc>XVI/98/2019</ndap:wartosc>
  </ndap:identyfikator>
  <ndap:jezyk Name="pl">Polski</ndap:jezyk>
  <ndap:uprawnienia>Urząd Gminy Wołomierz abcpro</ndap:uprawnienia>
  <ndap:kwalifikacja>
    <ndap:kategoria>A</ndap:kategoria>
    <ndap:data>2019-12-27T00:00:00Z</ndap:data>
  </ndap:kwalifikacja>
  <ndap:relacja>
    <ndap:identyfikator>
      <ndap:typ>Załącznik</ndap:typ>
      <ndap:wartosc>1</ndap:wartosc>
    </ndap:identyfikator>
    <ndap:typ>maCzesc</ndap:typ>
  </ndap:relacja>
  <ndap:status>
    <ndap:rodzaj>uchwalony</ndap:rodzaj>
    <ndap:wersja>1</ndap:wersja>
    <ndap:opis>Uchwalony</ndap:opis>
  </ndap:status>
  <ndap:tworca>
    <ndap:funkcja>zatwierdzil</ndap:funkcja>
    <ndap:podmiot>
      <ndap:instytucja>
        <ndap:nazwa>Rada Gminy w Wołomierzu</ndap:nazwa>
      </ndap:instytucja>
    </ndap:podmiot>
  </ndap:tworca>
  <ndap:tworca>
    <ndap:funkcja>stworzyl</ndap:funkcja>
    <ndap:podmiot>
      <ndap:osoba>
        <ndap:nazwisko>zrodlo</ndap:nazwisko>
      </ndap:osoba>
    </ndap:podmiot>
  </ndap:tworca>
  <ndap:tworca>
    <ndap:funkcja>zatwierdzil</ndap:funkcja>
    <ndap:podmiot>
      <ndap:instytucja>
        <ndap:id typ="UPE ID">27954</ndap:id>
        <ndap:id typ="NIP">2741406386</ndap:id>
        <ndap:kontakt typ="email">bw@abcpro.pl</ndap:kontakt>
        <ndap:nazwa>Urząd Gminy Wołomierz abcpro</ndap:nazwa>
        <ndap:adres>
          <ndap:kod>03-215</ndap:kod>
          <ndap:poczta>Wołomierz</ndap:poczta>
          <ndap:miejscowosc>Wołomierz</ndap:miejscowosc>
          <ndap:ulica>Owsiana</ndap:ulica>
          <ndap:budynek>12</ndap:budynek>
          <ndap:lokal></ndap:lokal>
          <ndap:skrytkapocztowa></ndap:skrytkapocztowa>
          <ndap:kraj>Polska</ndap:kraj>
        </ndap:adres>
      </ndap:instytucja>
    </ndap:podmiot>
  </ndap:tworca>
  <ndap:typ>
    <ndap:kategoria>Collection</ndap:kategoria>
    <ndap:rodzaj>Uchwała</ndap:rodzaj>
  </ndap:typ>
  <ndap:tytul>
    <ndap:oryginalny jezyk="pl">Uchwała Nr XVI/98/2019 Rady Gminy w Wołomierzu z dnia 27 grudnia 2019 r. w sprawie uchwalenia budżetu gminy na rok 2020</ndap:oryginalny>
  </ndap:tytul>
</ndap:dokument>