<dokument xmlns:xsi="http://www.w3.org/2001/XMLSchema-instance" xmlns:xsd="http://www.w3.org/2001/XMLSchema" xmlns="http://www.mswia.gov.pl/standardy/ndap" xsi:schemaLocation="http://www.mswia.gov.pl/standardy/ndap Metadane-1.7.xsd">
  <data>
    <typ>daty skrajne</typ>
    <od>2020-10-01T13:16:07+02:00</od>
    <do>0001-01-01T00:00:00+01:00</do>
  </data>
  <dostep>
    <dostepnosc>metadane</dostepnosc>
  </dostep>
  <format>
    <typ>text/xml</typ>
  </format>
  <identyfikator>
    <typ>znak sprawy</typ>
    <wartosc>NPII.4131.1.815.2020</wartosc>
  </identyfikator>
  <jezyk kod="pol"></jezyk>
  <opis>PR.007.00014.2020 (ePUAP)</opis>
  <kwalifikacja>
    <kategoria>A</kategoria>
    <data>2020-10-01T13:16:07+02:00</data>
    <podmiot>
      <instytucja>
        <id typ="NIP"></id>
        <nazwa>Śląski Urząd Wojewódzki</nazwa>
        <jednostka>
          <nazwa>Śląski Urząd Wojewódzki</nazwa>
          <pracownik>
            <nazwisko>Wroński</nazwisko>
            <imie>Rafał</imie>
            <funkcja>Inspektor Wojewódzki</funkcja>
          </pracownik>
        </jednostka>
      </instytucja>
    </podmiot>
  </kwalifikacja>
  <tworca>
    <funkcja>utworzył</funkcja>
    <podmiot>
      <instytucja>
        <id typ="NIP"></id>
        <nazwa>Śląski Urząd Wojewódzki</nazwa>
        <jednostka>
          <nazwa>Śląski Urząd Wojewódzki</nazwa>
          <pracownik>
            <nazwisko>Wroński</nazwisko>
            <imie>Rafał</imie>
            <funkcja>Inspektor Wojewódzki</funkcja>
          </pracownik>
        </jednostka>
      </instytucja>
    </podmiot>
  </tworca>
  <typ>
    <kategoria>Collection</kategoria>
    <rodzaj>Sprawa</rodzaj>
  </typ>
  <tytul>
    <oryginalny jezyk="pol">Termin 3 grudnia 2020 r. (czwartek) - odpowiedź na skargę, skarga Rudy Śląskiej, Wyjaśnienia Rady Miasta Ruda Śląska dot. sprawy znak: NPII.4131.1.815.2020 - PR.007.00014.2020 (ePUAP)Dotyczy sprawy znak: NPII.4131.1.815.2020</oryginalny>
  </tytul>
</dokument>