<dokument xmlns:xsi="http://www.w3.org/2001/XMLSchema-instance" xmlns:xsd="http://www.w3.org/2001/XMLSchema" xmlns="http://www.mswia.gov.pl/standardy/ndap" xsi:schemaLocation="http://www.mswia.gov.pl/standardy/ndap Metadane-1.7.xsd">
  <data>
    <typ>daty skrajne</typ>
    <od>2011-01-07T14:52:31</od>
    <do>2015-10-15T09:22:30</do>
  </data>
  <dostep>
    <dostepnosc>wszystko</dostepnosc>
  </dostep>
  <format>
    <typ>text/xml</typ>
  </format>
  <identyfikator>
    <typ>znak sprawy</typ>
    <wartosc>CSIOZ-WFE-SFK.6080.4.2011</wartosc>
  </identyfikator>
  <jezyk kod="pol"></jezyk>
  <opis>Szpital Wojewódzki im. św. Łukasza w Tarnowie UDA-POIS.12.01.00-00-312/08-00</opis>
  <kwalifikacja>
    <kategoria>B10</kategoria>
    <data>2011-01-07T14:52:31.630</data>
    <podmiot>
      <instytucja>
        <id typ="REGON"></id>
        <nazwa>CSIOZ</nazwa>
        <jednostka>
          <nazwa>Biuro Zarządzania Projektami</nazwa>
          <pracownik>
            <nazwisko>Ćwiklicka-Prachnio</nazwisko>
            <imie>Dominika</imie>
            <funkcja>główny specjalista</funkcja>
          </pracownik>
        </jednostka>
      </instytucja>
    </podmiot>
  </kwalifikacja>
  <tworca>
    <funkcja>stworzył</funkcja>
    <podmiot>
      <instytucja>
        <id typ="REGON"></id>
        <nazwa>CSIOZ</nazwa>
        <jednostka>
          <nazwa>Biuro Zarządzania Projektami</nazwa>
          <pracownik>
            <nazwisko>Ćwiklicka-Prachnio</nazwisko>
            <imie>Dominika</imie>
            <funkcja>główny specjalista</funkcja>
          </pracownik>
        </jednostka>
      </instytucja>
    </podmiot>
  </tworca>
  <typ>
    <kategoria>Collection</kategoria>
    <rodzaj>Sprawa</rodzaj>
  </typ>
  <tytul>
    <oryginalny jezyk="pol">wniosek o płatność numer 3 (płatność pośrednia), UDA-POIS.12.01.00-00-312/08-00 Szpital Wojewódzki im. św. Łukasza w Tarnowie  </oryginalny>
  </tytul>
</dokument>