<dokument xmlns:xsi="http://www.w3.org/2001/XMLSchema-instance" xmlns:xsd="http://www.w3.org/2001/XMLSchema" xmlns="http://www.mswia.gov.pl/standardy/ndap" xsi:schemaLocation="http://www.mswia.gov.pl/standardy/ndap Metadane-1.7.xsd">
  <data>
    <typ>daty skrajne</typ>
    <od>2011-01-05T09:56:59</od>
    <do>2015-10-14T11:25:22</do>
  </data>
  <dostep>
    <dostepnosc>wszystko</dostepnosc>
  </dostep>
  <format>
    <typ>text/xml</typ>
  </format>
  <identyfikator>
    <typ>znak sprawy</typ>
    <wartosc>CSIOZ-WFE-SFK.6080.2.2011</wartosc>
  </identyfikator>
  <jezyk kod="pol"></jezyk>
  <opis />
  <kwalifikacja>
    <kategoria>B10</kategoria>
    <data>2011-01-05T09:56:59.783</data>
    <podmiot>
      <instytucja>
        <id typ="REGON"></id>
        <nazwa>CSIOZ</nazwa>
        <jednostka>
          <nazwa>Wydział Funduszy Europejskich</nazwa>
          <pracownik>
            <nazwisko>Romanowicz</nazwisko>
            <imie>Grzegorz</imie>
            <funkcja>starszy specjalista</funkcja>
          </pracownik>
        </jednostka>
      </instytucja>
    </podmiot>
  </kwalifikacja>
  <tworca>
    <funkcja>stworzył</funkcja>
    <podmiot>
      <instytucja>
        <id typ="REGON"></id>
        <nazwa>CSIOZ</nazwa>
        <jednostka>
          <nazwa>Wydział Funduszy Europejskich</nazwa>
          <pracownik>
            <nazwisko>Romanowicz</nazwisko>
            <imie>Grzegorz</imie>
            <funkcja>starszy specjalista</funkcja>
          </pracownik>
        </jednostka>
      </instytucja>
    </podmiot>
  </tworca>
  <typ>
    <kategoria>Collection</kategoria>
    <rodzaj>Sprawa</rodzaj>
  </typ>
  <tytul>
    <oryginalny jezyk="pol">UDA-POIS.12.02.00-00-042/08-00 SCCS w Zabrzu Wniosek o płatność nr3 za okres 01.07.2010-30.09.2010  </oryginalny>
  </tytul>
</dokument>