<dokument xmlns:xsd="http://www.w3.org/2001/XMLSchema" xmlns:xsi="http://www.w3.org/2001/XMLSchema-instance" xmlns="http://www.mswia.gov.pl/standardy/ndap" xsi:schemaLocation="http://www.mswia.gov.pl/standardy/ndap Metadane-2.0.xsd">
  <identyfikator>
    <typidentyfikatora>id.eNadzor</typidentyfikatora>
    <wartoscId>1.19098.20210311133453.38893</wartoscId>
    <podmiot>
      <instytucja>
        <id typId="NIP">9541727830</id>
        <nazwa>Śląski Urząd Wojewódzki w Katowicach</nazwa>
        <kontakt typKontaktu="e-mail">majewskae@katowice.uw.gov.pl</kontakt>
      </instytucja>
    </podmiot>
  </identyfikator>
  <identyfikator>
    <typidentyfikatora>Znak sprawy</typidentyfikatora>
    <wartoscId>NPII.4130.205.1.2021</wartoscId>
  </identyfikator>
  <identyfikator>
    <typidentyfikatora>Nazwa pliku</typidentyfikatora>
    <wartoscId>Uchwała.zipx</wartoscId>
  </identyfikator>
  <tytul>
    <oryginalny kodJezyka="pol">Uchwała Nr XXV/168/2021 Rady Gminy Wołomierz z dnia 5 lutego 2021 r. w sprawie pomników przyrody na terenie Gminy Wołomierz.</oryginalny>
    <alternatywny kodJezyka="pol">Uchwała nr XXV/168/2021 Rady Gminy Wołomierz z dnia 5 lutego 2021 r.</alternatywny>
  </tytul>
  <data>
    <typDaty>data na piśmie</typDaty>
    <czas>2021-02-05T00:00:00+01:00</czas>
  </data>
  <data>
    <typDaty>data rejestracji</typDaty>
    <czas>2021-03-11T13:34:50+01:00</czas>
  </data>
  <format>
    <typFormatu>.zipx</typFormatu>
    <niekompletnosc>nie</niekompletnosc>
    <wielkosc miara="KB">3871</wielkosc>
  </format>
  <dostep>
    <dostepnosc>niepubliczny</dostepnosc>
  </dostep>
  <typ>
    <klasa>Text</klasa>
    <rodzaj>pismo</rodzaj>
  </typ>
  <typ>
    <klasa>eNadzor</klasa>
    <rodzaj>Akt do nadzoru</rodzaj>
  </typ>
  <typ>
    <klasa>Text</klasa>
    <rodzaj>uchwała</rodzaj>
  </typ>
  <typ>
    <klasa>Text</klasa>
    <rodzaj>Odwzorowanie cyfrowe - Nie</rodzaj>
  </typ>
  <grupowanie>
    <typGrupy>Znak sprawy</typGrupy>
    <kodGrupy>NPII.4130.205.1.2021</kodGrupy>
    <opis>Wołomierz</opis>
  </grupowanie>
  <grupowanie>
    <typGrupy>Kolejność dokumentu w systemie eNadzor względem sprawy</typGrupy>
    <kodGrupy>2</kodGrupy>
    <opis>Nie dotyczy</opis>
  </grupowanie>
  <tworca>
    <funkcja>utworzył</funkcja>
    <podmiot>
      <instytucja>
        <id typId="NIP">2741406386</id>
        <nazwa>Urząd Gminy Wołomierz</nazwa>
        <adres>
          <kodPocztowy>03-215</kodPocztowy>
          <miejscowosc>Wołomierz</miejscowosc>
          <ulica>Owsiana</ulica>
          <budynek>12</budynek>
          <kraj>PL</kraj>
        </adres>
        <kontakt typKontaktu="Adres uri">www.abcpro.pl</kontakt>
      </instytucja>
    </podmiot>
  </tworca>
  <nadawca>
    <podmiot>
      <instytucja>
        <id typId="NIP">2741406386</id>
        <nazwa>Urząd Gminy Wołomierz</nazwa>
        <adres>
          <kodPocztowy>03-215</kodPocztowy>
          <miejscowosc>Wołomierz</miejscowosc>
          <ulica>Owsiana</ulica>
          <budynek>12</budynek>
          <kraj>PL</kraj>
        </adres>
        <kontakt typKontaktu="Adres uri">www.abcpro.pl</kontakt>
      </instytucja>
    </podmiot>
  </nadawca>
  <odbiorca>
    <doWiadomosci />
    <podmiot>
      <instytucja>
        <id typId="NIP">9541727830</id>
        <nazwa>Śląski Urząd Wojewódzki w Katowicach</nazwa>
        <adres>
          <kodPocztowy>40-032</kodPocztowy>
          <miejscowosc>Katowice</miejscowosc>
          <ulica>Jagiellońska</ulica>
          <budynek>25</budynek>
          <kraj>PL</kraj>
        </adres>
        <kontakt typKontaktu="e-mail">majewskae@katowice.uw.gov.pl</kontakt>
      </instytucja>
    </podmiot>
  </odbiorca>
  <relacja>
    <identyfikator>
      <typidentyfikatora>Nazwa pliku</typidentyfikatora>
      <wartoscId>Pismo przewodnie z aktami do nadzoru.xml</wartoscId>
    </identyfikator>
    <typRelacji>ma odniesienie</typRelacji>
  </relacja>
  <relacja>
    <identyfikator>
      <typidentyfikatora>Nazwa pliku</typidentyfikatora>
      <wartoscId>Prośba o udzielenie informacji.pdf</wartoscId>
    </identyfikator>
    <typRelacji>ma odniesienie</typRelacji>
  </relacja>
  <relacja>
    <identyfikator>
      <typidentyfikatora>Nazwa pliku</typidentyfikatora>
      <wartoscId>Zawiadomienie o wszczęciu postępowania nadzorczego.zip</wartoscId>
    </identyfikator>
    <typRelacji>ma odniesienie</typRelacji>
  </relacja>
  <relacja>
    <identyfikator>
      <typidentyfikatora>Nazwa pliku</typidentyfikatora>
      <wartoscId>Rozstrzygnięcie nadzorcze w części.zip</wartoscId>
    </identyfikator>
    <typRelacji>ma odniesienie</typRelacji>
  </relacja>
  <jezyk kodJezyka="pol">polski</jezyk>
  <opis>Uchwała nr XXV/168/2021 Rady Gminy Wołomierz z dnia 5 lutego 2021 r.</opis>
</dokument>