<dokument xmlns:xsi="http://www.w3.org/2001/XMLSchema-instance" xmlns:xsd="http://www.w3.org/2001/XMLSchema" xmlns="http://www.mswia.gov.pl/standardy/ndap" xsi:schemaLocation="http://www.mswia.gov.pl/standardy/ndap Metadane-1.7.xsd">
  <odbiorca>
    <podmiot>
      <instytucja>
        <id typ="REGON"></id>
        <nazwa>URZĄD MIASTA CZĘSTOCHOWY</nazwa>
        <adres>
          <miejscowosc>CZĘSTOCHOWA</miejscowosc>
          <kraj>PL</kraj>
        </adres>
        <kontakt typ="telefon"></kontakt>
      </instytucja>
    </podmiot>
    <rodzaj>glowny</rodzaj>
  </odbiorca>
  <data>
    <typ>stworzony</typ>
    <czas>2004-12-22</czas>
  </data>
  <dostep>
    <dostepnosc>wszystko</dostepnosc>
  </dostep>
  <format>
    <typ>tif</typ>
    <wielkosc jednostka="bajt">36364</wielkosc>
  </format>
  <grupowanie>
    <typ>znak sprawy</typ>
    <kod>OR.I.0717-94/04</kod>
    <opis>WSPÓŁDZIAŁANIE Z INNYMI JEDNOSTKAMI ORGANIZACYJNYMI I INSTYTUCJAMI</opis>
  </grupowanie>
  <identyfikator>
    <typ>znak sprawy</typ>
    <wartosc>Dokument_128.tif</wartosc>
    <podmiot>
      <instytucja>
        <id typ="REGON"></id>
        <nazwa>URZĄD MIASTA CZĘSTOCHOWY</nazwa>
        <adres>
          <miejscowosc>CZĘSTOCHOWA</miejscowosc>
          <kraj>PL</kraj>
        </adres>
        <kontakt typ="telefon"></kontakt>
      </instytucja>
    </podmiot>
  </identyfikator>
  <jezyk kod="pol">polski</jezyk>
  <tworca>
    <funkcja>stworzyl</funkcja>
    <podmiot>
      <instytucja>
        <id typ="REGON"></id>
        <nazwa>SZEF MŁODZIEŻOWEJ RADY MIASTA</nazwa>
        <adres>
          <miejscowosc>CZĘSTOCHOWA</miejscowosc>
          <kraj>PL</kraj>
        </adres>
        <kontakt typ="telefon"></kontakt>
        <jednostka>
          <nazwa>SZEF MŁODZIEŻOWEJ RADY MIASTA</nazwa>
          <pracownik>
            <nazwisko>NOWAK</nazwisko>
            <imie>TOMASZ</imie>
          </pracownik>
        </jednostka>
      </instytucja>
    </podmiot>
  </tworca>
  <typ>
    <kategoria>Image</kategoria>
  </typ>
  <tytul>
    <oryginalny jezyk="pol">WNIOSEK</oryginalny>
  </tytul>
</dokument>