<dokument xmlns:xsi="http://www.w3.org/2001/XMLSchema-instance" xmlns:xsd="http://www.w3.org/2001/XMLSchema" xmlns="http://www.mswia.gov.pl/standardy/ndap" xsi:schemaLocation="http://www.mswia.gov.pl/standardy/ndap Metadane-1.7.xsd">
  <odbiorca>
    <podmiot>
      <instytucja>
        <id typ="REGON"></id>
        <nazwa>WYDZIAŁ INWESTYCJI I ZAMÓWIEŃ PUBLICZNYCH</nazwa>
        <adres>
          <miejscowosc>CZĘSTOCHOWA</miejscowosc>
          <kraj>PL</kraj>
        </adres>
        <kontakt typ="telefon"></kontakt>
        <jednostka>
          <nazwa>WYDZIAŁ INWESTYCJI I ZAMÓWIEŃ PUBLICZNYCH</nazwa>
          <pracownik>
            <nazwisko>ZABOROWSKA</nazwisko>
            <imie>JOLANTA</imie>
          </pracownik>
        </jednostka>
      </instytucja>
    </podmiot>
    <rodzaj>do wiadomosci</rodzaj>
  </odbiorca>
  <odbiorca>
    <podmiot>
      <instytucja>
        <id typ="REGON"></id>
        <nazwa>WYDZIAŁ KOMUNALNY</nazwa>
        <adres>
          <miejscowosc>CZĘSTOCHOWA</miejscowosc>
          <kraj>PL</kraj>
        </adres>
        <kontakt typ="telefon"></kontakt>
        <jednostka>
          <nazwa>WYDZIAŁ KOMUNALNY</nazwa>
          <pracownik>
            <nazwisko>SZCZERBA</nazwisko>
            <imie>HALINA</imie>
          </pracownik>
        </jednostka>
      </instytucja>
    </podmiot>
    <rodzaj>do wiadomosci</rodzaj>
  </odbiorca>
  <odbiorca>
    <podmiot>
      <instytucja>
        <id typ="REGON"></id>
        <nazwa>WYDZIAŁ GEODEZJI I GOSPODARKI NIERUCHOMOŚCIAMI</nazwa>
        <adres>
          <miejscowosc>CZĘSTOCHOWA</miejscowosc>
          <kraj>PL</kraj>
        </adres>
        <kontakt typ="telefon"></kontakt>
      </instytucja>
    </podmiot>
    <rodzaj>do wiadomosci</rodzaj>
  </odbiorca>
  <odbiorca>
    <podmiot>
      <instytucja>
        <id typ="REGON"></id>
        <nazwa>WYDZIAŁ FINANSOWO-KSIĘGOWY</nazwa>
        <adres>
          <miejscowosc>CZĘSTOCHOWA</miejscowosc>
          <kraj>PL</kraj>
        </adres>
        <kontakt typ="telefon"></kontakt>
        <jednostka>
          <nazwa>WYDZIAŁ FINANSOWO-KSIĘGOWY</nazwa>
          <pracownik>
            <nazwisko>KRZYSZKOWSKA</nazwisko>
            <imie>MAŁGORZATA</imie>
          </pracownik>
        </jednostka>
      </instytucja>
    </podmiot>
    <rodzaj>do wiadomosci</rodzaj>
  </odbiorca>
  <odbiorca>
    <podmiot>
      <instytucja>
        <id typ="REGON"></id>
        <nazwa>PREZYDENT MIASTA</nazwa>
        <adres>
          <miejscowosc>CZĘSTOCHOWA</miejscowosc>
          <kraj>PL</kraj>
        </adres>
        <kontakt typ="telefon"></kontakt>
        <jednostka>
          <nazwa>PREZYDENT MIASTA</nazwa>
          <pracownik>
            <nazwisko>URBANIK</nazwisko>
            <imie>RENATA</imie>
          </pracownik>
        </jednostka>
      </instytucja>
    </podmiot>
    <rodzaj>do wiadomosci</rodzaj>
  </odbiorca>
  <odbiorca>
    <podmiot>
      <instytucja>
        <id typ="REGON"></id>
        <nazwa>WYDZIAŁ PLANOWANIA PRZESTRZENNEGO MIASTA</nazwa>
        <adres>
          <miejscowosc>CZĘSTOCHOWA</miejscowosc>
          <kraj>PL</kraj>
        </adres>
        <kontakt typ="telefon"></kontakt>
        <jednostka>
          <nazwa>WYDZIAŁ PLANOWANIA PRZESTRZENNEGO MIASTA</nazwa>
          <pracownik>
            <nazwisko>GRZELAK</nazwisko>
            <imie>ELŻBIETA</imie>
          </pracownik>
        </jednostka>
      </instytucja>
    </podmiot>
    <rodzaj>do wiadomosci</rodzaj>
  </odbiorca>
  <odbiorca>
    <podmiot>
      <instytucja>
        <id typ="REGON"></id>
        <nazwa>WYDZIAŁ STRATEGII ROZWOJU I INTEGRACJI EUROPEJSKIEJ</nazwa>
        <adres>
          <miejscowosc>CZĘSTOCHOWA</miejscowosc>
          <kraj>PL</kraj>
        </adres>
        <kontakt typ="telefon"></kontakt>
        <jednostka>
          <nazwa>WYDZIAŁ STRATEGII ROZWOJU I INTEGRACJI EUROPEJSKIEJ</nazwa>
          <pracownik>
            <nazwisko>BEDNAREK</nazwisko>
            <imie>SŁAWOMIR</imie>
          </pracownik>
        </jednostka>
      </instytucja>
    </podmiot>
    <rodzaj>do wiadomosci</rodzaj>
  </odbiorca>
  <odbiorca>
    <podmiot>
      <instytucja>
        <id typ="REGON"></id>
        <nazwa>OPERATOR ARP SPÓŁKA S.A.</nazwa>
        <adres>
          <miejscowosc>WARSZAWA</miejscowosc>
          <kraj>PL</kraj>
        </adres>
        <kontakt typ="telefon"></kontakt>
        <jednostka>
          <nazwa>OPERATOR ARP SPÓŁKA S.A.</nazwa>
          <pracownik>
            <nazwisko>KOSZADE</nazwisko>
            <imie>MONIKA</imie>
          </pracownik>
        </jednostka>
      </instytucja>
    </podmiot>
    <rodzaj>do wiadomosci</rodzaj>
  </odbiorca>
  <odbiorca>
    <podmiot>
      <instytucja>
        <id typ="REGON"></id>
        <nazwa>AGENCJA ROZWOJU REGIONALNEGO</nazwa>
        <adres>
          <miejscowosc>CZĘSTOCHOWA</miejscowosc>
          <kraj>PL</kraj>
        </adres>
        <kontakt typ="telefon"></kontakt>
        <jednostka>
          <nazwa>AGENCJA ROZWOJU REGIONALNEGO</nazwa>
          <pracownik>
            <nazwisko>MUCHALSKA</nazwisko>
            <imie>BARBARA</imie>
          </pracownik>
        </jednostka>
      </instytucja>
    </podmiot>
    <rodzaj>do wiadomosci</rodzaj>
  </odbiorca>
  <odbiorca>
    <podmiot>
      <instytucja>
        <id typ="REGON"></id>
        <nazwa>HUTA "CZĘSTOCHOWA" S.A.</nazwa>
        <adres>
          <miejscowosc>CZĘSTOCHOWA</miejscowosc>
          <kraj>PL</kraj>
        </adres>
        <kontakt typ="telefon"></kontakt>
        <jednostka>
          <nazwa>HUTA "CZĘSTOCHOWA" S.A.</nazwa>
          <pracownik>
            <nazwisko>ILJIN</nazwisko>
            <imie>PWEŁ</imie>
          </pracownik>
        </jednostka>
      </instytucja>
    </podmiot>
    <rodzaj>do wiadomosci</rodzaj>
  </odbiorca>
  <odbiorca>
    <podmiot>
      <instytucja>
        <id typ="REGON"></id>
        <nazwa>ZASTĘPCY PREZYDENTA - P. 101</nazwa>
        <adres>
          <miejscowosc>CZĘSTOCHOWA</miejscowosc>
          <kraj>PL</kraj>
        </adres>
        <kontakt typ="telefon"></kontakt>
        <jednostka>
          <nazwa>ZASTĘPCY PREZYDENTA - P. 101</nazwa>
          <pracownik>
            <nazwisko>ROZPONDEK</nazwisko>
            <imie>HALINA</imie>
          </pracownik>
        </jednostka>
      </instytucja>
    </podmiot>
    <rodzaj>do wiadomosci</rodzaj>
  </odbiorca>
  <data>
    <typ>stworzony</typ>
    <czas>2004-08-13</czas>
  </data>
  <dostep>
    <dostepnosc>wszystko</dostepnosc>
  </dostep>
  <format>
    <typ>doc</typ>
    <wielkosc jednostka="bajt">161792</wielkosc>
  </format>
  <grupowanie>
    <typ>znak sprawy</typ>
    <kod>OR.I.0717-53/04</kod>
    <opis>WSPÓŁDZIAŁANIE Z INNYMI JEDNOSTKAMI ORGANIZACYJNYMI I INSTYTUCJAMI</opis>
  </grupowanie>
  <identyfikator>
    <typ>znak sprawy</typ>
    <wartosc>Dokument_83.doc</wartosc>
    <podmiot>
      <instytucja>
        <id typ="REGON"></id>
        <nazwa>URZĄD MIASTA CZĘSTOCHOWY</nazwa>
        <adres>
          <miejscowosc>CZĘSTOCHOWA</miejscowosc>
          <kraj>PL</kraj>
        </adres>
        <kontakt typ="telefon"></kontakt>
      </instytucja>
    </podmiot>
  </identyfikator>
  <jezyk kod="pol">polski</jezyk>
  <tworca>
    <funkcja>stworzyl</funkcja>
    <podmiot>
      <instytucja>
        <id typ="REGON"></id>
        <nazwa>URZĄD MIASTA CZĘSTOCHOWY</nazwa>
        <adres>
          <miejscowosc>CZĘSTOCHOWA</miejscowosc>
          <kraj>PL</kraj>
        </adres>
        <kontakt typ="telefon"></kontakt>
        <jednostka>
          <nazwa>Prezydent Miasta</nazwa>
          <jednostka>
            <nazwa>0</nazwa>
            <pracownik>
              <nazwisko>Wrona</nazwisko>
              <imie>Tadeusz</imie>
            </pracownik>
          </jednostka>
        </jednostka>
      </instytucja>
    </podmiot>
  </tworca>
  <typ>
    <kategoria>Text</kategoria>
  </typ>
  <tytul>
    <oryginalny jezyk="pol">INNE</oryginalny>
  </tytul>
</dokument>