<dokument xmlns:xsi="http://www.w3.org/2001/XMLSchema-instance" xmlns:xsd="http://www.w3.org/2001/XMLSchema" xmlns="http://www.mswia.gov.pl/standardy/ndap" xsi:schemaLocation="http://www.mswia.gov.pl/standardy/ndap Metadane-1.7.xsd">
  <odbiorca>
    <podmiot>
      <instytucja>
        <id typ="REGON"></id>
        <nazwa>ZWIĄZEK HARCERSTWA POLSKIEGO KOMENDA HUFCA CZĘSTOCHOWA</nazwa>
        <adres>
          <miejscowosc>CZĘSTOCHOWA</miejscowosc>
          <kraj>PL</kraj>
        </adres>
        <kontakt typ="telefon">360-61-98</kontakt>
        <jednostka>
          <nazwa>ZWIĄZEK HARCERSTWA POLSKIEGO KOMENDA HUFCA CZĘSTOCHOWA</nazwa>
          <pracownik>
            <nazwisko>STARONIEK</nazwisko>
            <imie>ADRIAN</imie>
          </pracownik>
        </jednostka>
      </instytucja>
    </podmiot>
    <rodzaj>glowny</rodzaj>
  </odbiorca>
  <data>
    <typ>stworzony</typ>
    <czas>2004-12-27</czas>
  </data>
  <dostep>
    <dostepnosc>wszystko</dostepnosc>
  </dostep>
  <format>
    <typ>doc</typ>
    <wielkosc jednostka="bajt">20992</wielkosc>
  </format>
  <grupowanie>
    <typ>znak sprawy</typ>
    <kod>OR.I.0717-79/04</kod>
    <opis>WSPÓŁDZIAŁANIE Z INNYMI JEDNOSTKAMI ORGANIZACYJNYMI I INSTYTUCJAMI</opis>
  </grupowanie>
  <identyfikator>
    <typ>znak sprawy</typ>
    <wartosc>Dokument_115.doc</wartosc>
    <podmiot>
      <instytucja>
        <id typ="REGON"></id>
        <nazwa>URZĄD MIASTA CZĘSTOCHOWY</nazwa>
        <adres>
          <miejscowosc>CZĘSTOCHOWA</miejscowosc>
          <kraj>PL</kraj>
        </adres>
        <kontakt typ="telefon"></kontakt>
      </instytucja>
    </podmiot>
  </identyfikator>
  <jezyk kod="pol">polski</jezyk>
  <tworca>
    <funkcja>stworzyl</funkcja>
    <podmiot>
      <instytucja>
        <id typ="REGON"></id>
        <nazwa>URZĄD MIASTA CZĘSTOCHOWY</nazwa>
        <adres>
          <miejscowosc>CZĘSTOCHOWA</miejscowosc>
          <kraj>PL</kraj>
        </adres>
        <kontakt typ="telefon"></kontakt>
        <jednostka>
          <nazwa>Wydział Organizacyjny</nazwa>
          <jednostka>
            <nazwa>0</nazwa>
            <pracownik>
              <nazwisko>Pawłowska</nazwisko>
              <imie>Anna</imie>
            </pracownik>
          </jednostka>
        </jednostka>
      </instytucja>
    </podmiot>
  </tworca>
  <typ>
    <kategoria>Text</kategoria>
  </typ>
  <tytul>
    <oryginalny jezyk="pol">PISMO</oryginalny>
  </tytul>
</dokument>