<dokument xmlns:xsi="http://www.w3.org/2001/XMLSchema-instance" xmlns:xsd="http://www.w3.org/2001/XMLSchema" xmlns="http://www.mswia.gov.pl/standardy/ndap">
  <identyfikator>
    <typidentyfikatora>Numer tabeli</typidentyfikatora>
    <wartoscId>3</wartoscId>
    <podmiot>
      <osoba>
        <nazwisko>Bąbel</nazwisko>
        <imie>Alojzy</imie>
        <kontakt typKontaktu="email">alojzy.babel@akademia-pana-kleksa.pl</kontakt>
      </osoba>
    </podmiot>
  </identyfikator>
  <tytul>
    <oryginalny kodJezyka="pol">Tabela wydatków</oryginalny>
  </tytul>
  <data>
    <typDaty>utworzony</typDaty>
    <czas>2020-04-01 12:32:00</czas>
  </data>
  <format>
    <typFormatu>PDF</typFormatu>
    <specyfikacja>1.7</specyfikacja>
    <niekompletnosc>nie</niekompletnosc>
    <wielkosc miara="bajt">228413</wielkosc>
  </format>
  <dostep>
    <dostepnosc>publiczny</dostepnosc>
  </dostep>
  <typ>
    <klasa>tekst</klasa>
    <rodzaj>rozporządzenie</rodzaj>
  </typ>
  <grupowanie>
    <typGrupy>Rejestr wydatków</typGrupy>
    <kodGrupy>KS_RW</kodGrupy>
    <opis>Księgowość: rejestr wydatków</opis>
  </grupowanie>
</dokument>