<dokument xmlns:xsd="http://www.w3.org/2001/XMLSchema" xmlns:xsi="http://www.w3.org/2001/XMLSchema-instance" xmlns="http://www.mswia.gov.pl/standardy/ndap" xsi:schemaLocation="http://www.mswia.gov.pl/standardy/ndap Metadane-2.0.xsd">
  <identyfikator>
    <typidentyfikatora>id.eNadzor</typidentyfikatora>
    <wartoscId>1.17336.20210628125632.27306</wartoscId>
    <podmiot>
      <instytucja>
        <id typId="NIP">5992462314</id>
        <nazwa>Lubuski Urząd Wojewódzki w Gorzowie Wielkopolskim</nazwa>
        <kontakt typKontaktu="e-mail">wpoin@uwoj.gorzow.pl</kontakt>
      </instytucja>
    </podmiot>
  </identyfikator>
  <identyfikator>
    <typidentyfikatora>Znak sprawy</typidentyfikatora>
    <wartoscId>NK-I.4130.16.72.2021.</wartoscId>
  </identyfikator>
  <identyfikator>
    <typidentyfikatora>Nazwa pliku</typidentyfikatora>
    <wartoscId>Pismo przewodnie z aktami do nadzoru_20210628.xml</wartoscId>
  </identyfikator>
  <tytul>
    <oryginalny kodJezyka="pol">Pismo przewodnie z aktami do nadzoru nr BPM.0711.56.2021.AF  z dnia 28 czerwca 2021 r. - Urząd Miasta Gorzowa Wielkopolskiego</oryginalny>
    <alternatywny kodJezyka="pol">Pismo przewodnie z aktami do nadzoru nr BPM.0711.56.2021.AF  z dnia 28 czerwca 2021 r. - Urząd Miasta Gorzowa Wielkopolskiego</alternatywny>
  </tytul>
  <data>
    <typDaty>data na piśmie</typDaty>
    <czas>2021-06-28T00:00:00+02:00</czas>
  </data>
  <data>
    <typDaty>data rejestracji</typDaty>
    <czas>2021-06-28T12:56:32+02:00</czas>
  </data>
  <format>
    <typFormatu>.xml</typFormatu>
    <niekompletnosc>nie</niekompletnosc>
    <wielkosc miara="KB">19</wielkosc>
  </format>
  <dostep>
    <dostepnosc>niepubliczny</dostepnosc>
  </dostep>
  <typ>
    <klasa>Text</klasa>
    <rodzaj>pismo</rodzaj>
  </typ>
  <typ>
    <klasa>eNadzor</klasa>
    <rodzaj>Pismo przewodnie z aktami do nadzoru</rodzaj>
  </typ>
  <typ>
    <klasa>Text</klasa>
    <rodzaj>podanie / wniosek</rodzaj>
  </typ>
  <typ>
    <klasa>Text</klasa>
    <rodzaj>Odwzorowanie cyfrowe - Nie</rodzaj>
  </typ>
  <grupowanie>
    <typGrupy>Znak sprawy</typGrupy>
    <kodGrupy>NK-I.4130.16.72.2021.</kodGrupy>
    <opis>Gorzów Wielkopolski</opis>
  </grupowanie>
  <grupowanie>
    <typGrupy>Kolejność dokumentu w systemie eNadzor względem sprawy</typGrupy>
    <kodGrupy>1</kodGrupy>
    <opis>Nie dotyczy</opis>
  </grupowanie>
  <grupowanie>
    <typGrupy>Dokument jest wnioskiem</typGrupy>
    <kodGrupy>Tak</kodGrupy>
    <opis>Nie dotyczy</opis>
  </grupowanie>
  <tworca>
    <funkcja>utworzył</funkcja>
    <podmiot>
      <instytucja>
        <id typId="NIP">5990019632</id>
        <nazwa>Urząd Miasta Gorzowa Wielkopolskiego</nazwa>
        <adres>
          <kodPocztowy>66-400</kodPocztowy>
          <miejscowosc>Gorzów Wielkopolski</miejscowosc>
          <ulica>Gen. Sikorskiego</ulica>
          <budynek> 3-4</budynek>
          <kraj>PL</kraj>
        </adres>
        <kontakt typKontaktu="e-mail">um@um.gorzow.pl</kontakt>
        <kontakt typKontaktu="Telefon">957 355 500</kontakt>
      </instytucja>
    </podmiot>
  </tworca>
  <nadawca>
    <podmiot>
      <instytucja>
        <id typId="NIP">5990019632</id>
        <nazwa>Urząd Miasta Gorzowa Wielkopolskiego</nazwa>
        <adres>
          <kodPocztowy>66-400</kodPocztowy>
          <miejscowosc>Gorzów Wielkopolski</miejscowosc>
          <ulica>Gen. Sikorskiego</ulica>
          <budynek> 3-4</budynek>
          <kraj>PL</kraj>
        </adres>
        <kontakt typKontaktu="e-mail">um@um.gorzow.pl</kontakt>
        <kontakt typKontaktu="Telefon">957 355 500</kontakt>
      </instytucja>
    </podmiot>
  </nadawca>
  <odbiorca>
    <doWiadomosci />
    <podmiot>
      <instytucja>
        <id typId="NIP">5992462314</id>
        <nazwa>Lubuski Urząd Wojewódzki w Gorzowie Wielkopolskim</nazwa>
        <adres>
          <kodPocztowy>66-400</kodPocztowy>
          <miejscowosc>Gorzów Wielkopolski</miejscowosc>
          <ulica>Jagiellończyka</ulica>
          <budynek>8</budynek>
          <kraj>PL</kraj>
        </adres>
        <kontakt typKontaktu="e-mail">wpoin@uwoj.gorzow.pl</kontakt>
      </instytucja>
    </podmiot>
  </odbiorca>
  <relacja>
    <identyfikator>
      <typidentyfikatora>Nazwa pliku</typidentyfikatora>
      <wartoscId>Uchwała_20210623_XXXVIII.686.2021.zip</wartoscId>
    </identyfikator>
    <typRelacji>odnosi się do</typRelacji>
  </relacja>
  <jezyk kodJezyka="pol">polski</jezyk>
  <opis>Pismo przewodnie z aktami do nadzoru nr BPM.0711.56.2021.AF  z dnia 28 czerwca 2021 r. - Urząd Miasta Gorzowa Wielkopolskiego</opis>
</dokument>