<dokument xmlns:xsd="http://www.w3.org/2001/XMLSchema" xmlns:xsi="http://www.w3.org/2001/XMLSchema-instance" xmlns="http://www.mswia.gov.pl/standardy/ndap" xsi:schemaLocation="http://www.mswia.gov.pl/standardy/ndap Metadane-2.0.xsd">
  <identyfikator>
    <typidentyfikatora>id.eNadzor</typidentyfikatora>
    <wartoscId>1.17336.20210701113817.27748</wartoscId>
    <podmiot>
      <instytucja>
        <id typId="NIP">5992462314</id>
        <nazwa>Lubuski Urząd Wojewódzki w Gorzowie Wielkopolskim</nazwa>
        <kontakt typKontaktu="e-mail">wpoin@uwoj.gorzow.pl</kontakt>
      </instytucja>
    </podmiot>
  </identyfikator>
  <identyfikator>
    <typidentyfikatora>Znak sprawy</typidentyfikatora>
    <wartoscId>NK-I.4130.16.72.2021.</wartoscId>
  </identyfikator>
  <identyfikator>
    <typidentyfikatora>Nazwa pliku</typidentyfikatora>
    <wartoscId>Prośba o udzielenie informacji_20210701_NK-I.4130.16.72.2021..pdf</wartoscId>
  </identyfikator>
  <tytul>
    <oryginalny kodJezyka="pol">Prośba o udzielenie informacji znak sprawy: NK-I.4130.16.72.2021. z dnia 1 lipca 2021 r. - dotyczy: Uchwała Nr XXXVIII/686/2021 Rady Miasta Gorzowa Wielkopolskiego z dnia 23 czerwca 2021 r. w sprawie ustalenia strefy platnego parkowania w Gorzowie Wielkopolskim, stawek oplat za postoj pojazdow samochodowych na drogach publicznych w strefie platnego parkowania, okreslenia wysokosci oplat dodatkowych oraz sposobu ich pobierania.</oryginalny>
    <alternatywny kodJezyka="pol">Prośba o udzielenie informacji nr NK-I.4130.16.72.2021. z dnia 1 lipca 2021 r. dot. Uchwała nr XXXVIII/686/2021 Rady Miasta Gorzowa Wielkopolskiego z dnia 23 czerwca 2021 r.</alternatywny>
  </tytul>
  <data>
    <typDaty>data na piśmie</typDaty>
    <czas>2021-07-01T00:00:00+02:00</czas>
  </data>
  <data>
    <typDaty>wysłany</typDaty>
    <czas>2021-07-02T07:11:00+02:00</czas>
  </data>
  <data>
    <typDaty>podpisany</typDaty>
    <czas>2021-07-01T14:39:20+02:00</czas>
  </data>
  <format>
    <typFormatu>.pdf</typFormatu>
    <specyfikacja>1.7</specyfikacja>
    <niekompletnosc>nie</niekompletnosc>
    <wielkosc miara="KB">72</wielkosc>
  </format>
  <dostep>
    <dostepnosc>niepubliczny</dostepnosc>
  </dostep>
  <typ>
    <klasa>Text</klasa>
    <rodzaj>pismo</rodzaj>
  </typ>
  <typ>
    <klasa>eNadzor</klasa>
    <rodzaj>Prośba o udzielenie informacji</rodzaj>
  </typ>
  <typ>
    <klasa>Text</klasa>
    <rodzaj>wezwanie</rodzaj>
  </typ>
  <typ>
    <klasa>Text</klasa>
    <rodzaj>Odwzorowanie cyfrowe - Nie</rodzaj>
  </typ>
  <grupowanie>
    <typGrupy>Znak sprawy</typGrupy>
    <kodGrupy>NK-I.4130.16.72.2021.</kodGrupy>
    <opis>Gorzów Wielkopolski</opis>
  </grupowanie>
  <grupowanie>
    <typGrupy>Kolejność dokumentu w systemie eNadzor względem sprawy</typGrupy>
    <kodGrupy>3</kodGrupy>
    <opis>Nie dotyczy</opis>
  </grupowanie>
  <tworca>
    <funkcja>utworzył</funkcja>
    <podmiot>
      <instytucja>
        <id typId="NIP">5992462314</id>
        <nazwa>Lubuski Urząd Wojewódzki w Gorzowie Wielkopolskim</nazwa>
        <adres>
          <kodPocztowy>66-400</kodPocztowy>
          <miejscowosc>Gorzów Wielkopolski</miejscowosc>
          <ulica>Jagiellończyka</ulica>
          <budynek>8</budynek>
          <kraj>PL</kraj>
        </adres>
        <kontakt typKontaktu="e-mail">wpoin@uwoj.gorzow.pl</kontakt>
        <pracownik>
          <nazwisko>Dudziak</nazwisko>
          <imie>Monika</imie>
          <stanowisko>Kierownik Oddziału Nadzoru</stanowisko>
        </pracownik>
      </instytucja>
    </podmiot>
  </tworca>
  <tworca>
    <funkcja>podpisał</funkcja>
    <podmiot>
      <osoba>
        <nazwisko>Dudziak</nazwisko>
        <imie>Monika</imie>
        <kontakt typKontaktu="email">monika.dudziak@lubuskie.uw.gov.pl</kontakt>
      </osoba>
    </podmiot>
  </tworca>
  <nadawca>
    <podmiot>
      <instytucja>
        <id typId="NIP">5992462314</id>
        <nazwa>Lubuski Urząd Wojewódzki w Gorzowie Wielkopolskim</nazwa>
        <adres>
          <kodPocztowy>66-400</kodPocztowy>
          <miejscowosc>Gorzów Wielkopolski</miejscowosc>
          <ulica>Jagiellończyka</ulica>
          <budynek>8</budynek>
          <kraj>PL</kraj>
        </adres>
        <kontakt typKontaktu="e-mail">wpoin@uwoj.gorzow.pl</kontakt>
      </instytucja>
    </podmiot>
  </nadawca>
  <odbiorca>
    <doWiadomosci />
    <podmiot>
      <instytucja>
        <id typId="NIP">5990019632</id>
        <nazwa>Urząd Miasta Gorzowa Wielkopolskiego</nazwa>
        <adres>
          <kodPocztowy>66-400</kodPocztowy>
          <miejscowosc>Gorzów Wielkopolski</miejscowosc>
          <ulica>Gen. Sikorskiego</ulica>
          <budynek> 3-4</budynek>
          <kraj>PL</kraj>
        </adres>
        <kontakt typKontaktu="e-mail">um@um.gorzow.pl</kontakt>
        <kontakt typKontaktu="Telefon">957 355 500</kontakt>
      </instytucja>
    </podmiot>
  </odbiorca>
  <relacja>
    <identyfikator>
      <typidentyfikatora>Nazwa pliku</typidentyfikatora>
      <wartoscId>Uchwała_20210623_XXXVIII.686.2021.zip</wartoscId>
    </identyfikator>
    <typRelacji>odnosi się do</typRelacji>
  </relacja>
  <relacja>
    <identyfikator>
      <typidentyfikatora>Nazwa pliku</typidentyfikatora>
      <wartoscId>UPP - Urzędowe Poświadczenie Przedłozenia - Prośba o udzielenie informacji 2021-07-02_20210702.xml</wartoscId>
    </identyfikator>
    <typRelacji>ma odniesienie</typRelacji>
  </relacja>
  <relacja>
    <identyfikator>
      <typidentyfikatora>Nazwa pliku</typidentyfikatora>
      <wartoscId>UPO - Urzędowe Poświadczenie Odebrania - Prośba o udzielenie informacji 2021-07-02_20210702.xml</wartoscId>
    </identyfikator>
    <typRelacji>ma odniesienie</typRelacji>
  </relacja>
  <relacja>
    <identyfikator>
      <typidentyfikatora>Nazwa pliku</typidentyfikatora>
      <wartoscId>odp.napismoNKI.4130.16.72.2021.ASzc.pdf</wartoscId>
    </identyfikator>
    <typRelacji>ma odniesienie</typRelacji>
  </relacja>
  <jezyk kodJezyka="pol">polski</jezyk>
  <opis>Prośba o udzielenie informacji nr NK-I.4130.16.72.2021. z dnia 1 lipca 2021 r. dot. Uchwała nr XXXVIII/686/2021 Rady Miasta Gorzowa Wielkopolskiego z dnia 23 czerwca 2021 r.</opis>
</dokument>