<dokument xmlns:xsd="http://www.w3.org/2001/XMLSchema" xmlns:xsi="http://www.w3.org/2001/XMLSchema-instance" xmlns="http://www.mswia.gov.pl/standardy/ndap" xsi:schemaLocation="http://www.mswia.gov.pl/standardy/ndap Metadane-2.0.xsd">
  <identyfikator>
    <typidentyfikatora>id.eNadzor</typidentyfikatora>
    <wartoscId>1.17336.20210922093753.31009</wartoscId>
    <podmiot>
      <instytucja>
        <id typId="NIP">5992462314</id>
        <nazwa>Lubuski Urząd Wojewódzki w Gorzowie Wielkopolskim</nazwa>
        <kontakt typKontaktu="e-mail">wpoin@uwoj.gorzow.pl</kontakt>
      </instytucja>
    </podmiot>
  </identyfikator>
  <identyfikator>
    <typidentyfikatora>Znak sprawy</typidentyfikatora>
    <wartoscId>NK-I.4130.16.72.2021.</wartoscId>
  </identyfikator>
  <identyfikator>
    <typidentyfikatora>Nazwa pliku</typidentyfikatora>
    <wartoscId>Skarga na akt nadzoru - JST_20210826_Brak.54.pdf</wartoscId>
  </identyfikator>
  <tytul>
    <oryginalny kodJezyka="pol">Skarga na akt nadzoru - JST znak sprawy NK-I.0552.10.2021 z dnia 26 sierpnia 2021 r. - dotyczy: Rozstrzygnięcie nadzorcze w całości znak sprawy: NK-I.4131.112.2021. Wojewody Lubuskiego z dnia 27 lipca 2021 r.</oryginalny>
    <alternatywny kodJezyka="pol">Skarga na akt nadzoru - JST nr Brak.54 z dnia 26 sierpnia 2021 r. dot. Rozstrzygnięcie nadzorcze w całości nr NK-I.4131.112.2021. Wojewody Lubuskiego z dnia 27 lipca 2021 r. dot. Uchwała nr XXXVIII/686/2021 Rady Miasta Gorzowa Wielkopolskiego z dnia 23 czerwca 2021 r.</alternatywny>
  </tytul>
  <data>
    <typDaty>data na piśmie</typDaty>
    <czas>2021-08-26T00:00:00+02:00</czas>
  </data>
  <data>
    <typDaty>data rejestracji</typDaty>
    <czas>2021-09-22T09:37:53+02:00</czas>
  </data>
  <format>
    <typFormatu>.pdf</typFormatu>
    <specyfikacja>1.5</specyfikacja>
    <niekompletnosc>nie</niekompletnosc>
    <wielkosc miara="KB">5044</wielkosc>
  </format>
  <dostep>
    <dostepnosc>niepubliczny</dostepnosc>
  </dostep>
  <typ>
    <klasa>Text</klasa>
    <rodzaj>pismo</rodzaj>
  </typ>
  <typ>
    <klasa>eNadzor</klasa>
    <rodzaj>Skarga na akt nadzoru - JST</rodzaj>
  </typ>
  <typ>
    <klasa>Text</klasa>
    <rodzaj>skarga</rodzaj>
  </typ>
  <typ>
    <klasa>Text</klasa>
    <rodzaj>Odwzorowanie cyfrowe - Nie</rodzaj>
  </typ>
  <grupowanie>
    <typGrupy>Znak sprawy</typGrupy>
    <kodGrupy>NK-I.0552.10.2021</kodGrupy>
    <opis>Prowadzenie spraw sądowych przed Sądami Administracyjnymi</opis>
  </grupowanie>
  <grupowanie>
    <typGrupy>Kolejność dokumentu w systemie eNadzor względem sprawy</typGrupy>
    <kodGrupy>16</kodGrupy>
    <opis>Nie dotyczy</opis>
  </grupowanie>
  <tworca>
    <funkcja>utworzył</funkcja>
    <podmiot>
      <instytucja>
        <id typId="NIP">5992462314</id>
        <nazwa>Lubuski Urząd Wojewódzki w Gorzowie Wielkopolskim</nazwa>
        <adres>
          <kodPocztowy>66-400</kodPocztowy>
          <miejscowosc>Gorzów Wielkopolski</miejscowosc>
          <ulica>Jagiellończyka</ulica>
          <budynek>8</budynek>
          <kraj>PL</kraj>
        </adres>
        <kontakt typKontaktu="e-mail">wpoin@uwoj.gorzow.pl</kontakt>
      </instytucja>
    </podmiot>
  </tworca>
  <nadawca>
    <podmiot>
      <instytucja>
        <id typId="NIP">5992462314</id>
        <nazwa>Lubuski Urząd Wojewódzki w Gorzowie Wielkopolskim</nazwa>
        <adres>
          <kodPocztowy>66-400</kodPocztowy>
          <miejscowosc>Gorzów Wielkopolski</miejscowosc>
          <ulica>Jagiellończyka</ulica>
          <budynek>8</budynek>
          <kraj>PL</kraj>
        </adres>
        <kontakt typKontaktu="e-mail">wpoin@uwoj.gorzow.pl</kontakt>
      </instytucja>
    </podmiot>
  </nadawca>
  <odbiorca>
    <doWiadomosci />
    <podmiot>
      <instytucja>
        <id typId="NIP">5992900085</id>
        <nazwa>Wojewódzki Sąd Administracyjny w Gorzowie Wlkp.</nazwa>
        <adres>
          <kodPocztowy>66-400</kodPocztowy>
          <miejscowosc>Gorzów Wielkopolski</miejscowosc>
          <ulica>Dąbrowskiego</ulica>
          <budynek>13</budynek>
          <kraj>PL</kraj>
        </adres>
        <kontakt typKontaktu="e-mail">wis@wsa-gorzow.pl</kontakt>
      </instytucja>
    </podmiot>
  </odbiorca>
  <relacja>
    <identyfikator>
      <typidentyfikatora>Nazwa pliku</typidentyfikatora>
      <wartoscId>Rozstrzygnięcie nadzorcze w całości_20210727_NK-I.4131.112.2021..zip</wartoscId>
    </identyfikator>
    <typRelacji>odnosi się do</typRelacji>
  </relacja>
  <jezyk kodJezyka="pol">polski</jezyk>
  <opis>Skarga na akt nadzoru - JST nr Brak.54 z dnia 26 sierpnia 2021 r. dot. Rozstrzygnięcie nadzorcze w całości nr NK-I.4131.112.2021. Wojewody Lubuskiego z dnia 27 lipca 2021 r. dot. Uchwała nr XXXVIII/686/2021 Rady Miasta Gorzowa Wielkopolskiego z dnia 23 czerwca 2021 r.</opis>
</dokument>