<dokument xmlns:xsd="http://www.w3.org/2001/XMLSchema" xmlns:xsi="http://www.w3.org/2001/XMLSchema-instance" xmlns="http://www.mswia.gov.pl/standardy/ndap" xsi:schemaLocation="http://www.mswia.gov.pl/standardy/ndap Metadane-2.0.xsd">
  <identyfikator>
    <typidentyfikatora>id.eNadzor</typidentyfikatora>
    <wartoscId>1.17336.20210628125636.27311</wartoscId>
    <podmiot>
      <instytucja>
        <id typId="NIP">5992462314</id>
        <nazwa>Lubuski Urząd Wojewódzki w Gorzowie Wielkopolskim</nazwa>
        <kontakt typKontaktu="e-mail">wpoin@uwoj.gorzow.pl</kontakt>
      </instytucja>
    </podmiot>
  </identyfikator>
  <identyfikator>
    <typidentyfikatora>Znak sprawy</typidentyfikatora>
    <wartoscId>NK-I.4130.16.72.2021.</wartoscId>
  </identyfikator>
  <identyfikator>
    <typidentyfikatora>Nazwa pliku</typidentyfikatora>
    <wartoscId>Uchwała_20210623_XXXVIII.686.2021.zipx</wartoscId>
  </identyfikator>
  <tytul>
    <oryginalny kodJezyka="pol">Uchwała Nr XXXVIII/686/2021 Rady Miasta Gorzowa Wielkopolskiego z dnia 23 czerwca 2021 r. w sprawie ustalenia strefy platnego parkowania w Gorzowie Wielkopolskim, stawek oplat za postoj pojazdow samochodowych na drogach publicznych w strefie platnego parkowania, okreslenia wysokosci oplat dodatkowych oraz sposobu ich pobierania.</oryginalny>
    <alternatywny kodJezyka="pol">Uchwała nr XXXVIII/686/2021 Rady Miasta Gorzowa Wielkopolskiego z dnia 23 czerwca 2021 r.</alternatywny>
  </tytul>
  <data>
    <typDaty>data na piśmie</typDaty>
    <czas>2021-06-23T00:00:00+02:00</czas>
  </data>
  <data>
    <typDaty>data rejestracji</typDaty>
    <czas>2021-06-28T12:56:32+02:00</czas>
  </data>
  <format>
    <typFormatu>.zipx</typFormatu>
    <niekompletnosc>nie</niekompletnosc>
    <wielkosc miara="KB">7240</wielkosc>
  </format>
  <dostep>
    <dostepnosc>niepubliczny</dostepnosc>
  </dostep>
  <typ>
    <klasa>Text</klasa>
    <rodzaj>pismo</rodzaj>
  </typ>
  <typ>
    <klasa>eNadzor</klasa>
    <rodzaj>Akt do nadzoru</rodzaj>
  </typ>
  <typ>
    <klasa>Text</klasa>
    <rodzaj>uchwała</rodzaj>
  </typ>
  <typ>
    <klasa>Text</klasa>
    <rodzaj>Odwzorowanie cyfrowe - Nie</rodzaj>
  </typ>
  <grupowanie>
    <typGrupy>Znak sprawy</typGrupy>
    <kodGrupy>NK-I.4130.16.72.2021.</kodGrupy>
    <opis>Gorzów Wielkopolski</opis>
  </grupowanie>
  <grupowanie>
    <typGrupy>Kolejność dokumentu w systemie eNadzor względem sprawy</typGrupy>
    <kodGrupy>2</kodGrupy>
    <opis>Nie dotyczy</opis>
  </grupowanie>
  <tworca>
    <funkcja>utworzył</funkcja>
    <podmiot>
      <instytucja>
        <id typId="NIP">5990019632</id>
        <nazwa>Urząd Miasta Gorzowa Wielkopolskiego</nazwa>
        <adres>
          <kodPocztowy>66-400</kodPocztowy>
          <miejscowosc>Gorzów Wielkopolski</miejscowosc>
          <ulica>Gen. Sikorskiego</ulica>
          <budynek> 3-4</budynek>
          <kraj>PL</kraj>
        </adres>
        <kontakt typKontaktu="e-mail">um@um.gorzow.pl</kontakt>
        <kontakt typKontaktu="Telefon">957 355 500</kontakt>
      </instytucja>
    </podmiot>
  </tworca>
  <nadawca>
    <podmiot>
      <instytucja>
        <id typId="NIP">5990019632</id>
        <nazwa>Urząd Miasta Gorzowa Wielkopolskiego</nazwa>
        <adres>
          <kodPocztowy>66-400</kodPocztowy>
          <miejscowosc>Gorzów Wielkopolski</miejscowosc>
          <ulica>Gen. Sikorskiego</ulica>
          <budynek> 3-4</budynek>
          <kraj>PL</kraj>
        </adres>
        <kontakt typKontaktu="e-mail">um@um.gorzow.pl</kontakt>
        <kontakt typKontaktu="Telefon">957 355 500</kontakt>
      </instytucja>
    </podmiot>
  </nadawca>
  <odbiorca>
    <doWiadomosci />
    <podmiot>
      <instytucja>
        <id typId="NIP">5992462314</id>
        <nazwa>Lubuski Urząd Wojewódzki w Gorzowie Wielkopolskim</nazwa>
        <adres>
          <kodPocztowy>66-400</kodPocztowy>
          <miejscowosc>Gorzów Wielkopolski</miejscowosc>
          <ulica>Jagiellończyka</ulica>
          <budynek>8</budynek>
          <kraj>PL</kraj>
        </adres>
        <kontakt typKontaktu="e-mail">wpoin@uwoj.gorzow.pl</kontakt>
      </instytucja>
    </podmiot>
  </odbiorca>
  <relacja>
    <identyfikator>
      <typidentyfikatora>Nazwa pliku</typidentyfikatora>
      <wartoscId>Pismo przewodnie z aktami do nadzoru_20210628.xml</wartoscId>
    </identyfikator>
    <typRelacji>ma odniesienie</typRelacji>
  </relacja>
  <relacja>
    <identyfikator>
      <typidentyfikatora>Nazwa pliku</typidentyfikatora>
      <wartoscId>Prośba o udzielenie informacji_20210701_NK-I.4130.16.72.2021..pdf</wartoscId>
    </identyfikator>
    <typRelacji>ma odniesienie</typRelacji>
  </relacja>
  <relacja>
    <identyfikator>
      <typidentyfikatora>Nazwa pliku</typidentyfikatora>
      <wartoscId>Zawiadomienie o wszczęciu postępowania nadzorczego_20210714_NK-I.4131.112.2021..zip</wartoscId>
    </identyfikator>
    <typRelacji>ma odniesienie</typRelacji>
  </relacja>
  <relacja>
    <identyfikator>
      <typidentyfikatora>Nazwa pliku</typidentyfikatora>
      <wartoscId>Rozstrzygnięcie nadzorcze w całości_20210727_NK-I.4131.112.2021..zip</wartoscId>
    </identyfikator>
    <typRelacji>ma odniesienie</typRelacji>
  </relacja>
  <jezyk kodJezyka="pol">polski</jezyk>
  <opis>Uchwała nr XXXVIII/686/2021 Rady Miasta Gorzowa Wielkopolskiego z dnia 23 czerwca 2021 r.</opis>
</dokument>