<dokument xmlns:xsd="http://www.w3.org/2001/XMLSchema" xmlns:xsi="http://www.w3.org/2001/XMLSchema-instance" xmlns="http://www.mswia.gov.pl/standardy/ndap" xsi:schemaLocation="http://www.mswia.gov.pl/standardy/ndap Metadane-2.0.xsd">
  <identyfikator>
    <typidentyfikatora>id.eNadzor</typidentyfikatora>
    <wartoscId>1.0.20210714122642.28471</wartoscId>
    <podmiot>
      <instytucja>
        <id typId="NIP">5992462314</id>
        <nazwa>Lubuski Urząd Wojewódzki w Gorzowie Wielkopolskim</nazwa>
        <kontakt typKontaktu="e-mail">wpoin@uwoj.gorzow.pl</kontakt>
      </instytucja>
    </podmiot>
  </identyfikator>
  <identyfikator>
    <typidentyfikatora>Znak sprawy</typidentyfikatora>
    <wartoscId>NK-I.4130.16.72.2021.</wartoscId>
  </identyfikator>
  <identyfikator>
    <typidentyfikatora>Nazwa pliku</typidentyfikatora>
    <wartoscId>UPO - Urzędowe Poświadczenie Odebrania - Zawiadomienie o wszczęciu postępowania nadzorczego 2021-07-14_20210714.xml</wartoscId>
  </identyfikator>
  <tytul>
    <oryginalny kodJezyka="pol">UPO - Urzędowe Poświadczenie Odebrania znak sprawy: NK-I.4131.112.2021. z dnia 14 lipca 2021 r. - dotyczy: Zawiadomienie o wszczęciu postępowania nadzorczego znak sprawy: NK-I.4131.112.2021. z dnia 14 lipca 2021 r. - dotyczy: Uchwała Nr XXXVIII/686/2021 Rady Miasta Gorzowa Wielkopolskiego z dnia 23 czerwca 2021 r. w sprawie ustalenia strefy platnego parkowania w Gorzowie Wielkopolskim, stawek oplat za postoj pojazdow samochodowych na drogach publicznych w strefie platnego parkowania, okreslenia wysokosci oplat dodatkowych oraz sposobu ich pobierania.</oryginalny>
    <alternatywny kodJezyka="pol">UPO - Urzędowe Poświadczenie Odebrania z dnia 14 lipca 2021 r. dot. Zawiadomienie o wszczęciu postępowania nadzorczego nr NK-I.4131.112.2021. z dnia 14 lipca 2021 r. dot. Uchwała nr XXXVIII/686/2021 Rady Miasta Gorzowa Wielkopolskiego z dnia 23 czerwca 2021 r.</alternatywny>
  </tytul>
  <data>
    <typDaty>data na piśmie</typDaty>
    <czas>2021-07-14T12:26:42+02:00</czas>
  </data>
  <data>
    <typDaty>data rejestracji</typDaty>
    <czas>2021-07-14T12:26:42+02:00</czas>
  </data>
  <format>
    <typFormatu>.xml</typFormatu>
    <niekompletnosc>nie</niekompletnosc>
    <wielkosc miara="KB">8</wielkosc>
  </format>
  <dostep>
    <dostepnosc>niepubliczny</dostepnosc>
  </dostep>
  <typ>
    <klasa>Text</klasa>
    <rodzaj>pismo</rodzaj>
  </typ>
  <typ>
    <klasa>eNadzor</klasa>
    <rodzaj>UPO - Urzędowe Poświadczenie Odebrania</rodzaj>
  </typ>
  <typ>
    <klasa>Text</klasa>
    <rodzaj>potwierdzenie odbioru/doręczenia/przedłożenia</rodzaj>
  </typ>
  <typ>
    <klasa>Text</klasa>
    <rodzaj>Odwzorowanie cyfrowe - Nie</rodzaj>
  </typ>
  <grupowanie>
    <typGrupy>Znak sprawy</typGrupy>
    <kodGrupy>NK-I.4131.112.2021.</kodGrupy>
    <opis>Wszczynanie i prowadzenie postępowań zmierzających do usunięcia naruszenia prawa i nieważności aktów prawnych samorządu terytorialnego</opis>
  </grupowanie>
  <grupowanie>
    <typGrupy>Kolejność dokumentu w systemie eNadzor względem sprawy</typGrupy>
    <kodGrupy>10</kodGrupy>
    <opis>Nie dotyczy</opis>
  </grupowanie>
  <tworca>
    <funkcja>utworzył</funkcja>
    <podmiot>
      <instytucja>
        <id typId="NIP">5992462314</id>
        <nazwa>Lubuski Urząd Wojewódzki w Gorzowie Wielkopolskim</nazwa>
        <adres>
          <kodPocztowy>66-400</kodPocztowy>
          <miejscowosc>Gorzów Wielkopolski</miejscowosc>
          <ulica>Jagiellończyka</ulica>
          <budynek>8</budynek>
          <kraj>PL</kraj>
        </adres>
        <kontakt typKontaktu="e-mail">wpoin@uwoj.gorzow.pl</kontakt>
      </instytucja>
    </podmiot>
  </tworca>
  <nadawca>
    <podmiot>
      <instytucja>
        <id typId="NIP">5992462314</id>
        <nazwa>Lubuski Urząd Wojewódzki w Gorzowie Wielkopolskim</nazwa>
        <adres>
          <kodPocztowy>66-400</kodPocztowy>
          <miejscowosc>Gorzów Wielkopolski</miejscowosc>
          <ulica>Jagiellończyka</ulica>
          <budynek>8</budynek>
          <kraj>PL</kraj>
        </adres>
        <kontakt typKontaktu="e-mail">wpoin@uwoj.gorzow.pl</kontakt>
      </instytucja>
    </podmiot>
  </nadawca>
  <odbiorca>
    <doWiadomosci />
    <podmiot>
      <instytucja>
        <id typId="NIP">5990019632</id>
        <nazwa>Urząd Miasta Gorzowa Wielkopolskiego</nazwa>
        <adres>
          <kodPocztowy>66-400</kodPocztowy>
          <miejscowosc>Gorzów Wielkopolski</miejscowosc>
          <ulica>Gen. Sikorskiego</ulica>
          <budynek> 3-4</budynek>
          <kraj>PL</kraj>
        </adres>
        <kontakt typKontaktu="e-mail">um@um.gorzow.pl</kontakt>
        <kontakt typKontaktu="Telefon">957 355 500</kontakt>
      </instytucja>
    </podmiot>
  </odbiorca>
  <relacja>
    <identyfikator>
      <typidentyfikatora>Nazwa pliku</typidentyfikatora>
      <wartoscId>Zawiadomienie o wszczęciu postępowania nadzorczego_20210714_NK-I.4131.112.2021..zip</wartoscId>
    </identyfikator>
    <typRelacji>odnosi się do</typRelacji>
  </relacja>
  <jezyk kodJezyka="pol">polski</jezyk>
  <opis>UPO - Urzędowe Poświadczenie Odebrania z dnia 14 lipca 2021 r. dot. Zawiadomienie o wszczęciu postępowania nadzorczego nr NK-I.4131.112.2021. z dnia 14 lipca 2021 r. dot. Uchwała nr XXXVIII/686/2021 Rady Miasta Gorzowa Wielkopolskiego z dnia 23 czerwca 2021 r.</opis>
</dokument>