<dokument xmlns:xsi="http://www.w3.org/2001/XMLSchema-instance" xmlns:xsd="http://www.w3.org/2001/XMLSchema" xmlns="http://www.mswia.gov.pl/standardy/ndap" xsi:schemaLocation="http://www.mswia.gov.pl/standardy/ndap Metadane-2.0.xsd">
  <identyfikator>
    <typidentyfikatora>id.eNadzor</typidentyfikatora>
    <wartoscId>1.19098.20201116145633.34943</wartoscId>
    <podmiot>
      <instytucja>
        <id typId="NIP">9541727830</id>
        <nazwa>Śląski Urząd Wojewódzki w Katowicach</nazwa>
        <kontakt typKontaktu="e-mail">majewskae@katowice.uw.gov.pl</kontakt>
      </instytucja>
    </podmiot>
  </identyfikator>
  <identyfikator>
    <typidentyfikatora>Znak sprawy</typidentyfikatora>
    <wartoscId>NPII.4130.185.9.2020</wartoscId>
  </identyfikator>
  <identyfikator>
    <typidentyfikatora>Nazwa pliku</typidentyfikatora>
    <wartoscId>Odpowiedź.pdf</wartoscId>
  </identyfikator>
  <tytul>
    <oryginalny kodJezyka="pol">Odpowiedź znak sprawy: NPII.4131.1.53.2020 - dotyczy: Zawiadomienie o wszczęciu postępowania nadzorczego znak sprawy: NPII.4131.1.53.2020 z dnia 13 listopada 2020 r.</oryginalny>
    <alternatywny kodJezyka="pol">Odpowiedź nr NPII.4131.1.53.2020 dot. Zawiadomienie o wszczęciu postępowania nadzorczego nr NPII.4131.1.53.2020 z dnia 13 listopada 2020 r. dot. Uchwała nr XVI/98/2019 Rady Gminy w Czerwionce-Leszczynach z dnia 27 grudnia 2019 r.</alternatywny>
  </tytul>
  <data>
    <typDaty>data rejestracji</typDaty>
    <czas>2020-11-16T14:56:33+01:00</czas>
  </data>
  <format>
    <typFormatu>.pdf</typFormatu>
    <specyfikacja>1.7</specyfikacja>
    <niekompletnosc>nie</niekompletnosc>
    <wielkosc miara="KB">116</wielkosc>
  </format>
  <dostep>
    <dostepnosc>niepubliczny</dostepnosc>
  </dostep>
  <typ>
    <klasa>Text</klasa>
    <rodzaj>pismo</rodzaj>
  </typ>
  <typ>
    <klasa>eNadzor</klasa>
    <rodzaj>Odpowiedź</rodzaj>
  </typ>
  <typ>
    <klasa>Text</klasa>
    <rodzaj>informacja</rodzaj>
  </typ>
  <typ>
    <klasa>Text</klasa>
    <rodzaj>Odwzorowanie cyfrowe - Nie</rodzaj>
  </typ>
  <grupowanie>
    <typGrupy>Znak sprawy</typGrupy>
    <kodGrupy>NPII.4131.1.53.2020</kodGrupy>
    <opis>Postępowania nadzorcze</opis>
  </grupowanie>
  <grupowanie>
    <typGrupy>Kolejność dokumentu w systemie eNadzor względem sprawy</typGrupy>
    <kodGrupy>10</kodGrupy>
    <opis>Względem sprawy: NPII.4130.185.9.2020 - Badanie aktów prawa miejscowego organów samorządu terytorialnego - dotyczy: Uchwała Nr XVI/98/2019 Rady Gminy w Czerwionce-Leszczynach z dnia 27 grudnia 2019 r. w sprawie uchwalenia budżetu gminy na rok 2020</opis>
  </grupowanie>
  <tworca>
    <funkcja>utworzył</funkcja>
    <podmiot>
      <instytucja>
        <id typId="NIP">6420009726</id>
        <nazwa>Urząd Gminy i Miasta Czerwionka-Leszczyny</nazwa>
        <adres>
          <kodPocztowy>44-230</kodPocztowy>
          <miejscowosc>Czerwionka-Leszczyny</miejscowosc>
          <ulica>Parkowa</ulica>
          <budynek>9</budynek>
          <kraj>PL</kraj>
        </adres>
        <kontakt typKontaktu="e-mail">br@czerwionka-leszczyny.com.pl</kontakt>
        <kontakt typKontaktu="Telefon">324295911</kontakt>
      </instytucja>
    </podmiot>
  </tworca>
  <nadawca>
    <podmiot>
      <instytucja>
        <id typId="NIP">6420009726</id>
        <nazwa>Urząd Gminy i Miasta Czerwionka-Leszczyny</nazwa>
        <adres>
          <kodPocztowy>44-230</kodPocztowy>
          <miejscowosc>Czerwionka-Leszczyny</miejscowosc>
          <ulica>Parkowa</ulica>
          <budynek>9</budynek>
          <kraj>PL</kraj>
        </adres>
        <kontakt typKontaktu="e-mail">br@czerwionka-leszczyny.com.pl</kontakt>
        <kontakt typKontaktu="Telefon">324295911</kontakt>
      </instytucja>
    </podmiot>
  </nadawca>
  <odbiorca>
    <doWiadomosci />
    <podmiot>
      <instytucja>
        <id typId="NIP">9541727830</id>
        <nazwa>Śląski Urząd Wojewódzki w Katowicach</nazwa>
        <adres>
          <kodPocztowy>40-032</kodPocztowy>
          <miejscowosc>Katowice</miejscowosc>
          <ulica>Jagiellońska</ulica>
          <budynek>25</budynek>
          <kraj>PL</kraj>
        </adres>
        <kontakt typKontaktu="e-mail">majewskae@katowice.uw.gov.pl</kontakt>
      </instytucja>
    </podmiot>
  </odbiorca>
  <relacja>
    <identyfikator>
      <typidentyfikatora>Nazwa pliku</typidentyfikatora>
      <wartoscId>Zawiadomienie o wszczęciu postępowania nadzorczego.zip</wartoscId>
    </identyfikator>
    <typRelacji>odnosi się do</typRelacji>
  </relacja>
  <relacja>
    <identyfikator>
      <typidentyfikatora>Nazwa pliku</typidentyfikatora>
      <wartoscId>Wniosek przychodzący z odpowiedzią (1).pdf</wartoscId>
    </identyfikator>
    <typRelacji>ma odniesienie</typRelacji>
  </relacja>
  <jezyk kodJezyka="pol">polski</jezyk>
  <opis>Odpowiedź nr NPII.4131.1.53.2020 dot. Zawiadomienie o wszczęciu postępowania nadzorczego nr NPII.4131.1.53.2020 z dnia 13 listopada 2020 r. dot. Uchwała nr XVI/98/2019 Rady Gminy w Czerwionce-Leszczynach z dnia 27 grudnia 2019 r.</opis>
</dokument>