<dokument xmlns:xsi="http://www.w3.org/2001/XMLSchema-instance" xmlns:xsd="http://www.w3.org/2001/XMLSchema" xmlns="http://www.mswia.gov.pl/standardy/ndap" xsi:schemaLocation="http://www.mswia.gov.pl/standardy/ndap Metadane-2.0.xsd">
  <identyfikator>
    <typidentyfikatora>id.eNadzor</typidentyfikatora>
    <wartoscId>1.19098.20201113082535.34905</wartoscId>
    <podmiot>
      <instytucja>
        <id typId="NIP">9541727830</id>
        <nazwa>Śląski Urząd Wojewódzki w Katowicach</nazwa>
        <kontakt typKontaktu="e-mail">majewskae@katowice.uw.gov.pl</kontakt>
      </instytucja>
    </podmiot>
  </identyfikator>
  <identyfikator>
    <typidentyfikatora>Znak sprawy</typidentyfikatora>
    <wartoscId>NPII.4130.185.9.2020</wartoscId>
  </identyfikator>
  <identyfikator>
    <typidentyfikatora>Nazwa pliku</typidentyfikatora>
    <wartoscId>Pismo przewodnie z aktami do nadzoru.pdf</wartoscId>
  </identyfikator>
  <tytul>
    <oryginalny kodJezyka="pol">Wniosek nr BR.0711.4321.2020  z dnia 12 listopada 2020 r. - Urząd Gminy i Miasta Czerwionka-Leszczyny</oryginalny>
    <alternatywny kodJezyka="pol">Wniosek nr BR.0711.4321.2020  z dnia 12 listopada 2020 r. - Urząd Gminy i Miasta Czerwionka-Leszczyny</alternatywny>
  </tytul>
  <data>
    <typDaty>data na piśmie</typDaty>
    <czas>2020-11-12T00:00:00+01:00</czas>
  </data>
  <data>
    <typDaty>data rejestracji</typDaty>
    <czas>2020-11-13T08:25:35+01:00</czas>
  </data>
  <format>
    <typFormatu>.pdf</typFormatu>
    <specyfikacja>1.7</specyfikacja>
    <niekompletnosc>nie</niekompletnosc>
    <wielkosc miara="KB">36</wielkosc>
  </format>
  <dostep>
    <dostepnosc>niepubliczny</dostepnosc>
  </dostep>
  <typ>
    <klasa>Text</klasa>
    <rodzaj>pismo</rodzaj>
  </typ>
  <typ>
    <klasa>eNadzor</klasa>
    <rodzaj>Pismo przewodnie z aktami do nadzoru</rodzaj>
  </typ>
  <typ>
    <klasa>Text</klasa>
    <rodzaj>podanie / wniosek</rodzaj>
  </typ>
  <typ>
    <klasa>Text</klasa>
    <rodzaj>Odwzorowanie cyfrowe - Nie</rodzaj>
  </typ>
  <grupowanie>
    <typGrupy>Znak sprawy</typGrupy>
    <kodGrupy>NPII.4130.185.9.2020</kodGrupy>
    <opis>województwo</opis>
  </grupowanie>
  <grupowanie>
    <typGrupy>Kolejność dokumentu w systemie eNadzor względem sprawy</typGrupy>
    <kodGrupy>1</kodGrupy>
    <opis>Względem sprawy: NPII.4130.185.9.2020 - Badanie aktów prawa miejscowego organów samorządu terytorialnego - dotyczy: Uchwała Nr XVI/98/2019 Rady Gminy w Czerwionce-Leszczynach z dnia 27 grudnia 2019 r. w sprawie uchwalenia budżetu gminy na rok 2020</opis>
  </grupowanie>
  <tworca>
    <funkcja>utworzył</funkcja>
    <podmiot>
      <instytucja>
        <id typId="NIP">6420009726</id>
        <nazwa>Urząd Gminy i Miasta Czerwionka-Leszczyny</nazwa>
        <adres>
          <kodPocztowy>44-230</kodPocztowy>
          <miejscowosc>Czerwionka-Leszczyny</miejscowosc>
          <ulica>Parkowa</ulica>
          <budynek>9</budynek>
          <kraj>PL</kraj>
        </adres>
        <kontakt typKontaktu="e-mail">br@czerwionka-leszczyny.com.pl</kontakt>
        <kontakt typKontaktu="Telefon">324295911</kontakt>
      </instytucja>
    </podmiot>
  </tworca>
  <nadawca>
    <podmiot>
      <instytucja>
        <id typId="NIP">6420009726</id>
        <nazwa>Urząd Gminy i Miasta Czerwionka-Leszczyny</nazwa>
        <adres>
          <kodPocztowy>44-230</kodPocztowy>
          <miejscowosc>Czerwionka-Leszczyny</miejscowosc>
          <ulica>Parkowa</ulica>
          <budynek>9</budynek>
          <kraj>PL</kraj>
        </adres>
        <kontakt typKontaktu="e-mail">br@czerwionka-leszczyny.com.pl</kontakt>
        <kontakt typKontaktu="Telefon">324295911</kontakt>
      </instytucja>
    </podmiot>
  </nadawca>
  <odbiorca>
    <doWiadomosci />
    <podmiot>
      <instytucja>
        <id typId="NIP">9541727830</id>
        <nazwa>Śląski Urząd Wojewódzki w Katowicach</nazwa>
        <adres>
          <kodPocztowy>40-032</kodPocztowy>
          <miejscowosc>Katowice</miejscowosc>
          <ulica>Jagiellońska</ulica>
          <budynek>25</budynek>
          <kraj>PL</kraj>
        </adres>
        <kontakt typKontaktu="e-mail">majewskae@katowice.uw.gov.pl</kontakt>
      </instytucja>
    </podmiot>
  </odbiorca>
  <relacja>
    <identyfikator>
      <typidentyfikatora>Nazwa pliku</typidentyfikatora>
      <wartoscId>Uchwała.zip</wartoscId>
    </identyfikator>
    <typRelacji>odnosi się do</typRelacji>
  </relacja>
  <jezyk kodJezyka="pol">polski</jezyk>
  <opis>Wniosek nr BR.0711.4321.2020  z dnia 12 listopada 2020 r. - Urząd Gminy i Miasta Czerwionka-Leszczyny</opis>
</dokument>