<dokument xmlns:xsd="http://www.w3.org/2001/XMLSchema" xmlns:xsi="http://www.w3.org/2001/XMLSchema-instance" xmlns="http://www.mswia.gov.pl/standardy/ndap" xsi:schemaLocation="http://www.mswia.gov.pl/standardy/ndap Metadane-2.0.xsd">
  <identyfikator>
    <typidentyfikatora>Znak sprawy</typidentyfikatora>
    <wartoscId>RIO.II.K.0002.102.28.2020</wartoscId>
    <podmiot>
      <instytucja>
        <id typId="NIP">9730051210</id>
        <nazwa>Regionalna Izba Obrachunkowa w Zielonej Górze</nazwa>
        <adres>
          <kodPocztowy>65-261</kodPocztowy>
          <miejscowosc>Zielona Góra</miejscowosc>
          <ulica>Chmielna</ulica>
          <budynek>13</budynek>
          <kraj>PL</kraj>
        </adres>
        <kontakt typKontaktu="Telefon">329 19 00</kontakt>
        <kontakt typKontaktu="e-mail">zielonagora@rio.gov.pl</kontakt>
      </instytucja>
    </podmiot>
  </identyfikator>
  <identyfikator>
    <typidentyfikatora>id.eNadzor</typidentyfikatora>
    <wartoscId>1.17444.20201211111135.20745</wartoscId>
    <podmiot>
      <instytucja>
        <id typId="NIP">9730051210</id>
        <nazwa>Regionalna Izba Obrachunkowa w Zielonej Górze</nazwa>
        <adres>
          <kodPocztowy>65-261</kodPocztowy>
          <miejscowosc>Zielona Góra</miejscowosc>
          <ulica>Chmielna</ulica>
          <budynek>13</budynek>
          <kraj>PL</kraj>
        </adres>
        <kontakt typKontaktu="Telefon">329 19 00</kontakt>
        <kontakt typKontaktu="e-mail">zielonagora@rio.gov.pl</kontakt>
      </instytucja>
    </podmiot>
  </identyfikator>
  <tytul>
    <oryginalny kodJezyka="pol">RIO.II.K.0002.102.28.2020 - Uchwały i zarządzenia przedkładane Izbie do badania - dotyczy: Uchwała Nr XIV/71/2020 Zgromadzenia Związku Celowego Gmin MG-6 z dnia 11 grudnia 2020 r. zmieniająca uchwałę w sprawie określenia wzorów deklaracji o wysokości opłaty za gospodarowanie odpadami komunalnymi składanych przez właścicieli nieruchomości zamieszkałych i niezamieszkałych</oryginalny>
    <alternatywny kodJezyka="pol">Uchwała nr XIV/71/2020 Zgromadzenia Związku Celowego Gmin MG-6 z dnia 11 grudnia 2020 r.</alternatywny>
  </tytul>
  <data>
    <zakresDat>daty skrajne</zakresDat>
    <czasOd>2020-12-11T00:00:00+01:00</czasOd>
    <czasDo>2020-12-11T00:00:00+01:00</czasDo>
  </data>
  <format>
    <typFormatu>.xml</typFormatu>
  </format>
  <dostep>
    <dostepnosc>niepubliczny</dostepnosc>
  </dostep>
  <typ>
    <klasa>Text</klasa>
    <rodzaj>Metadane sprawy</rodzaj>
  </typ>
  <typ>
    <klasa>Text</klasa>
    <rodzaj>Główna sprawa - Tak</rodzaj>
  </typ>
  <grupowanie>
    <typGrupy>Znak sprawy</typGrupy>
    <kodGrupy>RIO.II.K.0002.102.28.2020</kodGrupy>
    <opis>Związek Celowy Gmin MG-6</opis>
  </grupowanie>
  <tworca>
    <funkcja>utworzył</funkcja>
    <podmiot>
      <instytucja>
        <id typId="NIP">9730051210</id>
        <nazwa>Regionalna Izba Obrachunkowa w Zielonej Górze</nazwa>
        <adres>
          <kodPocztowy>65-261</kodPocztowy>
          <miejscowosc>Zielona Góra</miejscowosc>
          <ulica>Chmielna</ulica>
          <budynek>13</budynek>
          <kraj>PL</kraj>
        </adres>
        <kontakt typKontaktu="Telefon">329 19 00</kontakt>
        <kontakt typKontaktu="e-mail">zielonagora@rio.gov.pl</kontakt>
      </instytucja>
    </podmiot>
  </tworca>
  <tworca>
    <funkcja>utworzył</funkcja>
    <podmiot>
      <osoba>
        <nazwisko>Kotowski</nazwisko>
        <imie>Jarosław</imie>
        <kontakt typKontaktu="email">jaroslaw.kotowski@zielonagora.rio.gov.pl</kontakt>
      </osoba>
    </podmiot>
  </tworca>
  <relacja>
    <identyfikator>
      <typidentyfikatora>Nazwa pliku</typidentyfikatora>
      <wartoscId>RIO.II.K.0000.12.2021.xml</wartoscId>
    </identyfikator>
    <typRelacji>ma odniesienie</typRelacji>
  </relacja>
  <relacja>
    <identyfikator>
      <typidentyfikatora>Nazwa pliku</typidentyfikatora>
      <wartoscId>RIO.II.K.0001.2.2021.xml</wartoscId>
    </identyfikator>
    <typRelacji>ma odniesienie</typRelacji>
  </relacja>
</dokument>