<?xml version="1.0" encoding="utf-8"?>
<ndap:dokument xmlns:ndap="http://www.mswia.gov.pl/standardy/ndap" xmlns:un.ece.unedocs.cl.iso3166="http://www.unece.org/etrades/unedocs/repository/codelists/xml/CountryCode.xsd" xmlns:iso639-2="http://lcweb.loc.gov/standards/iso639-2/">
  <ndap:data>
    <ndap:typ>stworzony</ndap:typ>
    <ndap:czas>24.06.2020 06:45:54</ndap:czas>
  </ndap:data>
  <ndap:data>
    <ndap:typ>dostepnyPo</ndap:typ>
    <ndap:czas>23.06.2020 21:00:00</ndap:czas>
  </ndap:data>
  <ndap:data>
    <ndap:typ>zmodyfikowany</ndap:typ>
    <ndap:czas>23.06.2020 05:31:49</ndap:czas>
  </ndap:data>
  <ndap:dostep>
    <ndap:dostepnosc>wszystko</ndap:dostepnosc>
    <ndap:data>
      <ndap:typ>stworzony</ndap:typ>
      <ndap:czas>24.06.2020 06:45:54</ndap:czas>
    </ndap:data>
  </ndap:dostep>
  <ndap:format>
    <ndap:typ>XML</ndap:typ>
    <ndap:specyfikacja>http://files.abcpro.pl/download/legislator/schemat.xsd</ndap:specyfikacja>
  </ndap:format>
  <ndap:identyfikator>
    <ndap:typ>Id</ndap:typ>
    <ndap:wartosc>BB7FA018-BB42-4424-B7FB-4E90B6E47B76</ndap:wartosc>
  </ndap:identyfikator>
  <ndap:identyfikator>
    <ndap:typ>Numer dokumentu</ndap:typ>
    <ndap:wartosc>XXII/304/2020</ndap:wartosc>
  </ndap:identyfikator>
  <ndap:jezyk Name="pl">Polski</ndap:jezyk>
  <ndap:uprawnienia>Urząd Miejski w Gnieźnie</ndap:uprawnienia>
  <ndap:kwalifikacja>
    <ndap:kategoria>A</ndap:kategoria>
    <ndap:data>2020-06-24T00:00:00</ndap:data>
  </ndap:kwalifikacja>
  <ndap:relacja>
    <ndap:identyfikator>
      <ndap:typ>Uzasadnienie</ndap:typ>
      <ndap:wartosc></ndap:wartosc>
    </ndap:identyfikator>
    <ndap:typ>maCzesc</ndap:typ>
  </ndap:relacja>
  <ndap:relacja>
    <ndap:identyfikator>
      <ndap:typ>Załącznik binarny</ndap:typ>
      <ndap:wartosc>1</ndap:wartosc>
    </ndap:identyfikator>
    <ndap:typ>maCzesc</ndap:typ>
  </ndap:relacja>
  <ndap:relacja>
    <ndap:identyfikator>
      <ndap:typ>Załącznik binarny</ndap:typ>
      <ndap:wartosc>2</ndap:wartosc>
    </ndap:identyfikator>
    <ndap:typ>maCzesc</ndap:typ>
  </ndap:relacja>
  <ndap:status>
    <ndap:rodzaj>uchwalony</ndap:rodzaj>
    <ndap:wersja>1</ndap:wersja>
    <ndap:opis>Uchwalony</ndap:opis>
  </ndap:status>
  <ndap:tworca>
    <ndap:funkcja>zatwierdzil</ndap:funkcja>
    <ndap:podmiot>
      <ndap:instytucja>
        <ndap:nazwa>Rada Miasta Gniezna</ndap:nazwa>
      </ndap:instytucja>
    </ndap:podmiot>
  </ndap:tworca>
  <ndap:tworca>
    <ndap:funkcja>stworzyl</ndap:funkcja>
    <ndap:podmiot>
      <ndap:osoba>
        <ndap:nazwisko>pinkowska_m</ndap:nazwisko>
      </ndap:osoba>
    </ndap:podmiot>
  </ndap:tworca>
  <ndap:tworca>
    <ndap:funkcja>zatwierdzil</ndap:funkcja>
    <ndap:podmiot>
      <ndap:instytucja>
        <ndap:id typ="UPE ID">19721</ndap:id>
        <ndap:id typ="NIP">7841001591</ndap:id>
        <ndap:nazwa>Urząd Miejski w Gnieźnie</ndap:nazwa>
        <ndap:adres>
          <ndap:kod>62-200</ndap:kod>
          <ndap:poczta>Gniezno</ndap:poczta>
          <ndap:miejscowosc>Gniezno</ndap:miejscowosc>
          <ndap:ulica>Lecha</ndap:ulica>
          <ndap:budynek>6</ndap:budynek>
          <ndap:lokal></ndap:lokal>
          <ndap:skrytkapocztowa></ndap:skrytkapocztowa>
          <ndap:kraj>Polska</ndap:kraj>
        </ndap:adres>
      </ndap:instytucja>
    </ndap:podmiot>
  </ndap:tworca>
  <ndap:typ>
    <ndap:kategoria>Collection</ndap:kategoria>
    <ndap:rodzaj>Uchwała</ndap:rodzaj>
  </ndap:typ>
  <ndap:tytul>
    <ndap:oryginalny jezyk="pl">Uchwała Nr XXII/304/2020 Rady Miasta Gniezna z dnia 24 czerwca 2020 r. zmieniająca uchwałę w sprawie nadania nazw ulicom w Gnieźnie.</ndap:oryginalny>
  </ndap:tytul>
</ndap:dokument>