﻿<?xml version="1.0" encoding="utf-8"?>
<ndap:dokument xmlns:ndap="http://www.mswia.gov.pl/standardy/ndap" xmlns:un.ece.unedocs.cl.iso3166="http://www.unece.org/etrades/unedocs/repository/codelists/xml/CountryCode.xsd" xmlns:iso639-2="http://lcweb.loc.gov/standards/iso639-2/">
  <ndap:data>
    <ndap:typ>stworzony</ndap:typ>
    <ndap:czas>2018-05-07 22:00:00</ndap:czas>
  </ndap:data>
  <ndap:dostep>
    <ndap:dostepnosc>wszystko</ndap:dostepnosc>
  </ndap:dostep>
  <ndap:format>
    <ndap:typ>XML</ndap:typ>
  </ndap:format>
  <ndap:identyfikator>
    <ndap:typ>Nr wniosku</ndap:typ>
    <ndap:wartosc>2/2018</ndap:wartosc>
  </ndap:identyfikator>
  <ndap:identyfikator>
    <ndap:typ>Symbol</ndap:typ>
    <ndap:wartosc>e_Nadzor</ndap:wartosc>
  </ndap:identyfikator>
  <ndap:tworca>
    <ndap:funkcja>stworzyl</ndap:funkcja>
    <ndap:podmiot>
      <ndap:instytucja>
        <ndap:nazwa>ABC PROoo Sp. z o.o.</ndap:nazwa>
      </ndap:instytucja>
    </ndap:podmiot>
  </ndap:tworca>
  <ndap:typ>
    <ndap:kategoria>Dataset</ndap:kategoria>
  </ndap:typ>
  <ndap:tytul>
    <ndap:oryginalny jezyk="pl-PL">Wniosek o przekazanie aktów do nadzoru i publikacji w dzienniku urzędowym</ndap:oryginalny>
  </ndap:tytul>
</ndap:dokument>