﻿<?xml version="1.0" encoding="utf-8"?>
<dokument xmlns:xsi="http://www.w3.org/2001/XMLSchema-instance" xsi:schemaLocation="http://www.mswia.gov.pl/standardy/ndap Metadane-1.7.xsd" xmlns="http://www.mswia.gov.pl/standardy/ndap">
  <odbiorca>
    <podmiot>
      <instytucja>
        <id typ="REGON">-</id>
        <nazwa>-</nazwa>
        <jednostka>
          <nazwa>Test</nazwa>
          <pracownik>
            <nazwisko>Mariusz</nazwisko>
            <imie>Łagutko</imie>
            <funkcja>dowódca jednostki pływającej</funkcja>
          </pracownik>
        </jednostka>
      </instytucja>
    </podmiot>
    <rodzaj>glowny</rodzaj>
  </odbiorca>
  <data>
    <typ>stworzony</typ>
    <czas>2020-06-05T12:20:50</czas>
  </data>
  <dostep>
    <dostepnosc>wszystko</dostepnosc>
  </dostep>
  <format>
    <typ>text/plain</typ>
  </format>
  <grupowanie>
    <typ>znak sprawy</typ>
    <kod>0401-TEST.000.2.2020</kod>
    <opis>Własne komisje, zespoły i grupy robocze</opis>
  </grupowanie>
  <identyfikator>
    <typ>eKancelariaID</typ>
    <wartosc>Dek_58164_5730.txt</wartosc>
  </identyfikator>
  <jezyk kod="pol" />
  <relacja>
    <identyfikator>
      <typ>eKancelariaID</typ>
      <wartosc>Dok_58164_5870.docx</wartosc>
    </identyfikator>
    <typ>jestDekretacją</typ>
  </relacja>
  <tworca>
    <funkcja>stworzył</funkcja>
    <podmiot>
      <instytucja>
        <id typ="REGON">-</id>
        <nazwa>-</nazwa>
        <jednostka>
          <nazwa>Test</nazwa>
          <pracownik>
            <nazwisko>Mariusz</nazwisko>
            <imie>Łagutko</imie>
            <funkcja>Główny księgowy</funkcja>
          </pracownik>
        </jednostka>
      </instytucja>
    </podmiot>
  </tworca>
  <typ>
    <kategoria>Text</kategoria>
    <rodzaj>Dekretacja</rodzaj>
  </typ>
  <tytul>
    <oryginalny jezyk="pol">Dekretacja dokumentu</oryginalny>
  </tytul>
</dokument>