<?xml version="1.0" encoding="utf-8"?>
<dokument xmlns:xsi="http://www.w3.org/2001/XMLSchema-instance" xsi:schemaLocation="http://www.mswia.gov.pl/standardy/ndap Metadane-1.7.xsd" xmlns="http://www.mswia.gov.pl/standardy/ndap">
  <data>
    <typ>daty skrajne</typ>
    <od>2018-08-13T00:00:00+02:00</od>
    <do>0001-01-01T00:00:00+01:00</do>
  </data>
  <dostep>
    <dostepnosc>metadane</dostepnosc>
  </dostep>
  <format>
    <typ>text/xml</typ>
  </format>
  <identyfikator>
    <typ>znak sprawy</typ>
    <wartosc>GN-III.7541.7.2018</wartosc>
  </identyfikator>
  <jezyk kod="pol" />
  <opis>(JRWA) Postępowanie w sprawie rekompensat za mienie pozostawione poza granicami RP</opis>
  <kwalifikacja>
    <kategoria>A</kategoria>
    <data>2018-08-13T00:00:00+02:00</data>
    <podmiot>
      <instytucja>
        <id typ="NIP" />
        <nazwa>Łódzki Urząd Wojewódzki w Łodzi</nazwa>
        <jednostka>
          <nazwa>Wydział Gospodarki Nieruchomościami</nazwa>
          <pracownik>
            <nazwisko>Cienkusz</nazwisko>
            <imie>Katarzyna</imie>
            <funkcja>Inspektor wojewódzki</funkcja>
          </pracownik>
        </jednostka>
      </instytucja>
    </podmiot>
  </kwalifikacja>
  <tworca>
    <funkcja>utworzył</funkcja>
    <podmiot>
      <instytucja>
        <id typ="NIP" />
        <nazwa>Łódzki Urząd Wojewódzki w Łodzi</nazwa>
        <jednostka>
          <nazwa>Wydział Gospodarki Nieruchomościami</nazwa>
          <pracownik>
            <nazwisko>Cienkusz</nazwisko>
            <imie>Katarzyna</imie>
            <funkcja>Inspektor wojewódzki</funkcja>
          </pracownik>
        </jednostka>
      </instytucja>
    </podmiot>
  </tworca>
  <typ>
    <kategoria>Collection</kategoria>
    <rodzaj>Sprawa</rodzaj>
  </typ>
  <tytul>
    <oryginalny jezyk="pol">2923a/2007  wniosek-do sprawy dot.uchylenie decyzji ostatecznej GN.lV.7725-2923a/2007/KSz potwierdzenie prawa Panu Andrzejowi Rukowiczowi do 1/2 części rekompensaty z tytułu pozostawienia
nieruchomości poza obecnymi granicami Rzeczpospolitej Polskiej przez Kazimierę
Rukowicz, Antoniego Rukowicza i Janinę Rukowicz - spadkobierców Hipolita
Rukowicza.</oryginalny>
  </tytul>
</dokument>