<dokument xmlns:xsd="http://www.w3.org/2001/XMLSchema" xmlns:xsi="http://www.w3.org/2001/XMLSchema-instance" xmlns="http://www.mswia.gov.pl/standardy/ndap" xsi:schemaLocation="http://www.mswia.gov.pl/standardy/ndap Metadane-2.0.xsd">
  <identyfikator>
    <typidentyfikatora>id.eNadzor</typidentyfikatora>
    <wartoscId>1.19098.20210127100435.37367</wartoscId>
    <podmiot>
      <instytucja>
        <id typId="NIP">9541727830</id>
        <nazwa>Śląski Urząd Wojewódzki w Katowicach</nazwa>
        <kontakt typKontaktu="e-mail">majewskae@katowice.uw.gov.pl</kontakt>
      </instytucja>
    </podmiot>
  </identyfikator>
  <identyfikator>
    <typidentyfikatora>Znak sprawy</typidentyfikatora>
    <wartoscId>NPII.4130.120.7.2021</wartoscId>
  </identyfikator>
  <identyfikator>
    <typidentyfikatora>Nazwa pliku</typidentyfikatora>
    <wartoscId>Prośba o udzielenie informacji.pdf</wartoscId>
  </identyfikator>
  <tytul>
    <oryginalny kodJezyka="pol">Prośba o udzielenie informacji znak sprawy: NPII.4130.120.7.2021 z dnia 18 stycznia 2021 r. - dotyczy: Uchwała Nr XVI/98/2019 Rady Gminy w Czerwionce-Leszczynach z dnia 27 grudnia 2019 r. w sprawie uchwalenia budżetu gminy na rok 2020</oryginalny>
    <alternatywny kodJezyka="pol">Prośba o udzielenie informacji nr NPII.4130.120.7.2021 z dnia 18 stycznia 2021 r. dot. Uchwała nr XVI/98/2019 Rady Gminy w Czerwionce-Leszczynach z dnia 27 grudnia 2019 r.</alternatywny>
  </tytul>
  <data>
    <typDaty>data na piśmie</typDaty>
    <czas>2021-01-18T00:00:00+01:00</czas>
  </data>
  <data>
    <typDaty>wysłany</typDaty>
    <czas>2021-01-27T10:17:03+01:00</czas>
  </data>
  <data>
    <typDaty>podpisany</typDaty>
    <czas>2021-01-27T10:16:26+01:00</czas>
  </data>
  <format>
    <typFormatu>.pdf</typFormatu>
    <specyfikacja>1.7</specyfikacja>
    <niekompletnosc>nie</niekompletnosc>
    <wielkosc miara="KB">69</wielkosc>
  </format>
  <dostep>
    <dostepnosc>niepubliczny</dostepnosc>
  </dostep>
  <typ>
    <klasa>Text</klasa>
    <rodzaj>pismo</rodzaj>
  </typ>
  <typ>
    <klasa>eNadzor</klasa>
    <rodzaj>Prośba o udzielenie informacji</rodzaj>
  </typ>
  <typ>
    <klasa>Text</klasa>
    <rodzaj>wezwanie</rodzaj>
  </typ>
  <typ>
    <klasa>Text</klasa>
    <rodzaj>Odwzorowanie cyfrowe - Nie</rodzaj>
  </typ>
  <grupowanie>
    <typGrupy>Znak sprawy</typGrupy>
    <kodGrupy>NPII.4130.120.7.2021</kodGrupy>
    <opis>Czerwionka</opis>
  </grupowanie>
  <grupowanie>
    <typGrupy>Kolejność dokumentu w systemie eNadzor względem sprawy</typGrupy>
    <kodGrupy>2</kodGrupy>
    <opis>Względem sprawy: NPII.4130.120.7.2021 - Czerwionka - dotyczy: Uchwała Nr XVI/98/2019 Rady Gminy w Czerwionce-Leszczynach z dnia 27 grudnia 2019 r. w sprawie uchwalenia budżetu gminy na rok 2020</opis>
  </grupowanie>
  <tworca>
    <funkcja>utworzył</funkcja>
    <podmiot>
      <instytucja>
        <id typId="NIP">9541727830</id>
        <nazwa>Śląski Urząd Wojewódzki w Katowicach</nazwa>
        <adres>
          <kodPocztowy>40-032</kodPocztowy>
          <miejscowosc>Katowice</miejscowosc>
          <ulica>Jagiellońska</ulica>
          <budynek>25</budynek>
          <kraj>PL</kraj>
        </adres>
        <kontakt typKontaktu="e-mail">majewskae@katowice.uw.gov.pl</kontakt>
        <pracownik>
          <nazwisko>Nogieć-Karwot</nazwisko>
          <imie>Edyta</imie>
          <stanowisko>Starszy Inspektor Wojewódzki</stanowisko>
        </pracownik>
      </instytucja>
    </podmiot>
  </tworca>
  <tworca>
    <funkcja>podpisał</funkcja>
    <podmiot>
      <osoba>
        <nazwisko>Nogieć-Karwot</nazwisko>
        <imie>Edyta</imie>
        <kontakt typKontaktu="email" />
      </osoba>
    </podmiot>
  </tworca>
  <nadawca>
    <podmiot>
      <instytucja>
        <id typId="NIP">9541727830</id>
        <nazwa>Śląski Urząd Wojewódzki w Katowicach</nazwa>
        <adres>
          <kodPocztowy>40-032</kodPocztowy>
          <miejscowosc>Katowice</miejscowosc>
          <ulica>Jagiellońska</ulica>
          <budynek>25</budynek>
          <kraj>PL</kraj>
        </adres>
        <kontakt typKontaktu="e-mail">majewskae@katowice.uw.gov.pl</kontakt>
      </instytucja>
    </podmiot>
  </nadawca>
  <odbiorca>
    <doWiadomosci />
    <podmiot>
      <instytucja>
        <id typId="NIP">6420009726</id>
        <nazwa>Urząd Gminy i Miasta Czerwionka-Leszczyny</nazwa>
        <adres>
          <kodPocztowy>44-230</kodPocztowy>
          <miejscowosc>Czerwionka-Leszczyny</miejscowosc>
          <ulica>Parkowa</ulica>
          <budynek>9</budynek>
          <kraj>PL</kraj>
        </adres>
        <kontakt typKontaktu="e-mail">br@czerwionka-leszczyny.com.pl</kontakt>
        <kontakt typKontaktu="Telefon">324295911</kontakt>
      </instytucja>
    </podmiot>
  </odbiorca>
  <relacja>
    <identyfikator>
      <typidentyfikatora>Nazwa pliku</typidentyfikatora>
      <wartoscId>Uchwała.zip</wartoscId>
    </identyfikator>
    <typRelacji>odnosi się do</typRelacji>
  </relacja>
  <relacja>
    <identyfikator>
      <typidentyfikatora>Nazwa pliku</typidentyfikatora>
      <wartoscId>upo.xml</wartoscId>
    </identyfikator>
    <typRelacji>ma odniesienie</typRelacji>
  </relacja>
  <relacja>
    <identyfikator>
      <typidentyfikatora>Nazwa pliku</typidentyfikatora>
      <wartoscId>Poświadczenie przedłożenia - Prośba o udzielenie informacji 2021-01-27.pdf</wartoscId>
    </identyfikator>
    <typRelacji>ma odniesienie</typRelacji>
  </relacja>
  <relacja>
    <identyfikator>
      <typidentyfikatora>Nazwa pliku</typidentyfikatora>
      <wartoscId>Odpowiedznapismo.pdf</wartoscId>
    </identyfikator>
    <typRelacji>ma odniesienie</typRelacji>
  </relacja>
  <jezyk kodJezyka="pol">polski</jezyk>
  <opis>Prośba o udzielenie informacji nr NPII.4130.120.7.2021 z dnia 18 stycznia 2021 r. dot. Uchwała nr XVI/98/2019 Rady Gminy w Czerwionce-Leszczynach z dnia 27 grudnia 2019 r.</opis>
</dokument>