<dokument xmlns:xsd="http://www.w3.org/2001/XMLSchema" xmlns:xsi="http://www.w3.org/2001/XMLSchema-instance" xmlns="http://www.mswia.gov.pl/standardy/ndap" xsi:schemaLocation="http://www.mswia.gov.pl/standardy/ndap Metadane-2.0.xsd">
  <identyfikator>
    <typidentyfikatora>Upe;Identyfikator poswiadczenia</typidentyfikatora>
    <wartoscId>274664/2021</wartoscId>
  </identyfikator>
  <identyfikator>
    <typidentyfikatora>Upe;Identyfikator dokumentu</typidentyfikatora>
    <wartoscId>NPII.4131.1.6.2021</wartoscId>
  </identyfikator>
  <tytul>
    <oryginalny kodJezyka="pol">upo.xml</oryginalny>
  </tytul>
  <data>
    <typDaty>data na piśmie</typDaty>
    <czas>2021-01-27T10:51:26+01:00</czas>
  </data>
  <data>
    <typDaty>doręczony</typDaty>
    <czas>0001-01-01T00:00:00+01:00</czas>
  </data>
  <format>
    <typFormatu>.xml</typFormatu>
    <niekompletnosc>nie</niekompletnosc>
    <wielkosc miara="KB">5</wielkosc>
  </format>
  <dostep>
    <dostepnosc>niepubliczny</dostepnosc>
  </dostep>
  <typ>
    <klasa>Text</klasa>
    <rodzaj>pismo</rodzaj>
  </typ>
  <grupowanie>
    <typGrupy>Znak sprawy</typGrupy>
    <kodGrupy>NPII.4131.1.6.2021</kodGrupy>
    <opis>NPII.4131.1.6.2021 - Postępowania nadzorcze NP - dotyczy: Rozstrzygnięcie nadzorcze w całości znak sprawy: NPII.4131.1.6.2021 Wojewody Śląskiego z dnia 20 stycznia 2021 r. - dotyczy: Uchwała Nr XVI/98/2019 Rady Gminy w Czerwionce-Leszczynach z dnia 27 grudnia 2019 r. w sprawie uchwalenia budżetu gminy na rok 2020</opis>
  </grupowanie>
  <grupowanie>
    <typGrupy>Kolejność dokumentu w systemie eNadzor względem sprawy</typGrupy>
    <kodGrupy>8</kodGrupy>
    <opis>Względem sprawy: NPII.4130.120.7.2021 - Czerwionka - dotyczy: Uchwała Nr XVI/98/2019 Rady Gminy w Czerwionce-Leszczynach z dnia 27 grudnia 2019 r. w sprawie uchwalenia budżetu gminy na rok 2020</opis>
  </grupowanie>
  <tworca>
    <funkcja>utworzył</funkcja>
    <podmiot>
      <instytucja>
        <id typId="Identyfikator poświadczenia">274664/2021</id>
      </instytucja>
    </podmiot>
  </tworca>
  <nadawca>
    <podmiot>
      <instytucja>
        <id typId="NIP">1231231233</id>
        <nazwa>Redakcja Testowa eNadzór</nazwa>
      </instytucja>
    </podmiot>
  </nadawca>
  <odbiorca>
    <doWiadomosci />
    <podmiot>
      <instytucja>
        <id typId="NIP">6420009726</id>
        <nazwa>Urząd Gminy i Miasta Czerwionka-Leszczyny</nazwa>
      </instytucja>
    </podmiot>
  </odbiorca>
  <relacja>
    <identyfikator>
      <typidentyfikatora>Nazwa pliku</typidentyfikatora>
      <wartoscId>Rozstrzygnięcie nadzorcze w całości.zip</wartoscId>
    </identyfikator>
    <typRelacji>odnosi się do</typRelacji>
  </relacja>
  <jezyk kodJezyka="pol">polski</jezyk>
  <opis />
</dokument>