<dokument xmlns:xsd="http://www.w3.org/2001/XMLSchema" xmlns:xsi="http://www.w3.org/2001/XMLSchema-instance" xmlns="http://www.mswia.gov.pl/standardy/ndap" xsi:schemaLocation="http://www.mswia.gov.pl/standardy/ndap Metadane-2.0.xsd">
  <identyfikator>
    <typidentyfikatora>Znak sprawy</typidentyfikatora>
    <wartoscId>NPII.4131.1.6.2021</wartoscId>
    <podmiot>
      <instytucja>
        <id typId="NIP">9541727830</id>
        <nazwa>Śląski Urząd Wojewódzki w Katowicach</nazwa>
        <adres>
          <kodPocztowy>40-032</kodPocztowy>
          <miejscowosc>Katowice</miejscowosc>
          <ulica>Jagiellońska</ulica>
          <budynek>25</budynek>
          <kraj>PL</kraj>
        </adres>
        <kontakt typKontaktu="e-mail">majewskae@katowice.uw.gov.pl</kontakt>
      </instytucja>
    </podmiot>
  </identyfikator>
  <identyfikator>
    <typidentyfikatora>id.eNadzor</typidentyfikatora>
    <wartoscId>1.19098.20210127105739.37375</wartoscId>
    <podmiot>
      <instytucja>
        <id typId="NIP">9541727830</id>
        <nazwa>Śląski Urząd Wojewódzki w Katowicach</nazwa>
        <adres>
          <kodPocztowy>40-032</kodPocztowy>
          <miejscowosc>Katowice</miejscowosc>
          <ulica>Jagiellońska</ulica>
          <budynek>25</budynek>
          <kraj>PL</kraj>
        </adres>
        <kontakt typKontaktu="e-mail">majewskae@katowice.uw.gov.pl</kontakt>
      </instytucja>
    </podmiot>
  </identyfikator>
  <tytul>
    <oryginalny kodJezyka="pol">NPII.4131.1.6.2021 - Postępowania nadzorcze NP - dotyczy: Rozstrzygnięcie nadzorcze w całości znak sprawy: NPII.4131.1.6.2021 Wojewody Śląskiego z dnia 20 stycznia 2021 r. - dotyczy: Uchwała Nr XVI/98/2019 Rady Gminy w Czerwionce-Leszczynach z dnia 27 grudnia 2019 r. w sprawie uchwalenia budżetu gminy na rok 2020</oryginalny>
    <alternatywny kodJezyka="pol">Rozstrzygnięcie nadzorcze w całości nr NPII.4131.1.6.2021 Wojewody Śląskiego z dnia 20 stycznia 2021 r. dot. Uchwała nr XVI/98/2019 Rady Gminy w Czerwionce-Leszczynach z dnia 27 grudnia 2019 r.</alternatywny>
  </tytul>
  <data>
    <zakresDat>daty skrajne</zakresDat>
    <czasOd>2021-01-19T00:00:00+01:00</czasOd>
    <czasDo>2021-01-27T11:51:29+01:00</czasDo>
  </data>
  <format>
    <typFormatu>.xml</typFormatu>
  </format>
  <dostep>
    <dostepnosc>niepubliczny</dostepnosc>
  </dostep>
  <typ>
    <klasa>Text</klasa>
    <rodzaj>Metadane sprawy</rodzaj>
  </typ>
  <grupowanie>
    <typGrupy>Znak sprawy</typGrupy>
    <kodGrupy>NPII.4130.120.7.2021</kodGrupy>
    <opis>Czerwionka</opis>
  </grupowanie>
  <grupowanie>
    <typGrupy>Znak sprawy (nadrzędnej)</typGrupy>
    <kodGrupy>NPII.4130.120.7.2021</kodGrupy>
    <opis>NPII.4130.120.7.2021 - Czerwionka - dotyczy: Uchwała Nr XVI/98/2019 Rady Gminy w Czerwionce-Leszczynach z dnia 27 grudnia 2019 r. w sprawie uchwalenia budżetu gminy na rok 2020</opis>
  </grupowanie>
  <tworca>
    <funkcja>utworzył</funkcja>
    <podmiot>
      <instytucja>
        <id typId="NIP">9541727830</id>
        <nazwa>Śląski Urząd Wojewódzki w Katowicach</nazwa>
        <adres>
          <kodPocztowy>40-032</kodPocztowy>
          <miejscowosc>Katowice</miejscowosc>
          <ulica>Jagiellońska</ulica>
          <budynek>25</budynek>
          <kraj>PL</kraj>
        </adres>
        <kontakt typKontaktu="e-mail">majewskae@katowice.uw.gov.pl</kontakt>
      </instytucja>
    </podmiot>
  </tworca>
  <tworca>
    <funkcja>utworzył</funkcja>
    <podmiot>
      <osoba>
        <nazwisko>Nogieć-Karwot</nazwisko>
        <imie>Edyta</imie>
        <kontakt typKontaktu="email" />
      </osoba>
    </podmiot>
  </tworca>
  <relacja>
    <identyfikator>
      <typidentyfikatora>Nazwa pliku</typidentyfikatora>
      <wartoscId>NPII.4130.120.7.2021.xml</wartoscId>
    </identyfikator>
    <typRelacji>ma odniesienie</typRelacji>
  </relacja>
  <relacja>
    <identyfikator>
      <typidentyfikatora>Nazwa pliku</typidentyfikatora>
      <wartoscId>0552/1/2021.xml</wartoscId>
    </identyfikator>
    <typRelacji>ma odniesienie</typRelacji>
  </relacja>
</dokument>