<dokument xmlns:xsd="http://www.w3.org/2001/XMLSchema" xmlns:xsi="http://www.w3.org/2001/XMLSchema-instance" xmlns="http://www.mswia.gov.pl/standardy/ndap">
  <identyfikator>
    <typidentyfikatora>id.eNadzor</typidentyfikatora>
    <wartoscId>1.19698.20201102132639.667</wartoscId>
    <podmiot>
      <instytucja>
        <id typId="NIP">7781012911</id>
        <nazwa>Wielkopolski Urząd Wojewódzki w Poznaniu</nazwa>
        <kontakt typKontaktu="e-mail">lprzewozna@poznan.uw.gov.pl</kontakt>
      </instytucja>
    </podmiot>
  </identyfikator>
  <identyfikator>
    <typidentyfikatora>Znak sprawy</typidentyfikatora>
    <wartoscId>KN-I.4100.1.2020.20</wartoscId>
  </identyfikator>
  <identyfikator>
    <typidentyfikatora>Nazwa pliku</typidentyfikatora>
    <wartoscId>akt.pdf</wartoscId>
  </identyfikator>
  <tytul>
    <oryginalny kodJezyka="pol">Skarga na akt nadzoru (JST) nr </oryginalny>
    <alternatywny kodJezyka="pol">Skarga na akt nadzoru - JST nr KN-I.4100.1.2020.20 z dnia 14 października 2020 r. dot. Rozstrzygnięcie nadzorcze w całości nr KN-I.4102.3.2020.20 Wojewody Wielkopolskiego z dnia 2 listopada 2020 r. dot. Uchwała nr VI/25/2015 test_1 Rady Gminy Gizałki  z dnia 9 września 2020 r.</alternatywny>
  </tytul>
  <data>
    <typDaty>data na piśmie</typDaty>
    <czas>2020-10-14T00:00:00+02:00</czas>
  </data>
  <data>
    <typDaty>data rejestracji</typDaty>
    <czas>2020-11-02T13:26:39+01:00</czas>
  </data>
  <format>
    <typFormatu>.pdf</typFormatu>
    <specyfikacja>1.7</specyfikacja>
    <niekompletnosc>nie</niekompletnosc>
    <wielkosc miara="KB">19</wielkosc>
  </format>
  <dostep>
    <dostepnosc>niepubliczny</dostepnosc>
  </dostep>
  <typ>
    <klasa>Text</klasa>
    <rodzaj>pismo</rodzaj>
  </typ>
  <typ>
    <klasa>eNadzor</klasa>
    <rodzaj>Skarga na akt nadzoru - JST</rodzaj>
  </typ>
  <typ>
    <klasa>Text</klasa>
    <rodzaj>skarga</rodzaj>
  </typ>
  <typ>
    <klasa>Text</klasa>
    <rodzaj>Odwzorowanie cyfrowe - Nie</rodzaj>
  </typ>
  <grupowanie>
    <typGrupy>Znak sprawy</typGrupy>
    <kodGrupy>KN-I.4100.1.2020.20</kodGrupy>
    <opis>UG Giby</opis>
  </grupowanie>
  <tworca>
    <funkcja>utworzył</funkcja>
    <podmiot>
      <instytucja>
        <id typId="NIP">7781012911</id>
        <nazwa>Wielkopolski Urząd Wojewódzki w Poznaniu</nazwa>
        <adres>
          <kodPocztowy>61-713</kodPocztowy>
          <miejscowosc>Poznań</miejscowosc>
          <ulica>Niepodległości</ulica>
          <budynek>16</budynek>
          <lokal>18</lokal>
          <kraj>PL</kraj>
        </adres>
        <kontakt typKontaktu="e-mail">lprzewozna@poznan.uw.gov.pl</kontakt>
      </instytucja>
    </podmiot>
  </tworca>
  <nadawca>
    <podmiot>
      <instytucja>
        <id typId="NIP">7781012911</id>
        <nazwa>Wielkopolski Urząd Wojewódzki w Poznaniu</nazwa>
        <adres>
          <kodPocztowy>61-713</kodPocztowy>
          <miejscowosc>Poznań</miejscowosc>
          <ulica>Niepodległości</ulica>
          <budynek>16</budynek>
          <lokal>18</lokal>
          <kraj>PL</kraj>
        </adres>
        <kontakt typKontaktu="e-mail">lprzewozna@poznan.uw.gov.pl</kontakt>
      </instytucja>
    </podmiot>
  </nadawca>
  <odbiorca>
    <doWiadomosci />
    <podmiot>
      <instytucja>
        <id typId="NIP">7781413484</id>
        <nazwa>Wojewódzki Sąd Administracyjny w Poznaniu</nazwa>
        <adres>
          <kodPocztowy>61-815</kodPocztowy>
          <miejscowosc>Poznań</miejscowosc>
          <ulica>Ratajczaka</ulica>
          <budynek>12-Oct</budynek>
          <kraj>PL</kraj>
        </adres>
        <kontakt typKontaktu="e-mail">wis@wsa.poznan.pl</kontakt>
      </instytucja>
    </podmiot>
  </odbiorca>
  <relacja>
    <identyfikator>
      <typidentyfikatora>SystemID</typidentyfikatora>
      <wartoscId>LegalAct (2).zip</wartoscId>
    </identyfikator>
    <typRelacji>odnosi się do</typRelacji>
  </relacja>
  <jezyk kodJezyka="pol">polski</jezyk>
  <opis>Skarga na akt nadzoru - JST nr KN-I.4100.1.2020.20 z dnia 14 października 2020 r. dot. Rozstrzygnięcie nadzorcze w całości nr KN-I.4102.3.2020.20 Wojewody Wielkopolskiego z dnia 2 listopada 2020 r. dot. Uchwała nr VI/25/2015 test_1 Rady Gminy Gizałki  z dnia 9 września 2020 r.</opis>
</dokument>