<dokument xmlns:xsd="http://www.w3.org/2001/XMLSchema" xmlns:xsi="http://www.w3.org/2001/XMLSchema-instance" xmlns="http://www.mswia.gov.pl/standardy/ndap">
  <identyfikator>
    <typidentyfikatora>id.eNadzor</typidentyfikatora>
    <wartoscId>1.19698.20201102124322.657</wartoscId>
    <podmiot>
      <instytucja>
        <id typId="NIP">7781012911</id>
        <nazwa>Wielkopolski Urząd Wojewódzki w Poznaniu</nazwa>
        <kontakt typKontaktu="e-mail">lprzewozna@poznan.uw.gov.pl</kontakt>
      </instytucja>
    </podmiot>
  </identyfikator>
  <identyfikator>
    <typidentyfikatora>Znak sprawy</typidentyfikatora>
    <wartoscId>KN-I.4100.1.2020.20</wartoscId>
  </identyfikator>
  <identyfikator>
    <typidentyfikatora>Nazwa pliku</typidentyfikatora>
    <wartoscId>LegalAct.pdf</wartoscId>
  </identyfikator>
  <tytul>
    <oryginalny kodJezyka="pol">Zeskanowany wniosek nr RPU/15350/2015 z dn. 2015-01-01 - Urząd Gminy Gizałki</oryginalny>
    <alternatywny kodJezyka="pol">Zeskanowany wniosek nr RPU/15350/2015 z dn. 2015-01-01 - Urząd Gminy Gizałki</alternatywny>
  </tytul>
  <data>
    <typDaty>data na piśmie</typDaty>
    <czas>2015-01-01T00:00:00+01:00</czas>
  </data>
  <data>
    <typDaty>data rejestracji</typDaty>
    <czas>2020-09-09T00:00:00+02:00</czas>
  </data>
  <format>
    <typFormatu>.pdf</typFormatu>
    <specyfikacja>1.7</specyfikacja>
    <niekompletnosc>nie</niekompletnosc>
    <wielkosc miara="KB">301</wielkosc>
  </format>
  <dostep>
    <dostepnosc>niepubliczny</dostepnosc>
  </dostep>
  <typ>
    <klasa>Text</klasa>
    <rodzaj>pismo</rodzaj>
  </typ>
  <typ>
    <klasa>eNadzor</klasa>
    <rodzaj>Zeskanowane pismo przewodnie</rodzaj>
  </typ>
  <typ>
    <klasa>Text</klasa>
    <rodzaj>podanie / wniosek</rodzaj>
  </typ>
  <typ>
    <klasa>Text</klasa>
    <rodzaj>Odwzorowanie cyfrowe - Tak</rodzaj>
  </typ>
  <grupowanie>
    <typGrupy>Znak sprawy</typGrupy>
    <kodGrupy>KN-I.4100.1.2020.20</kodGrupy>
    <opis>UG Giby</opis>
  </grupowanie>
  <tworca>
    <funkcja>utworzył</funkcja>
    <podmiot>
      <instytucja>
        <id typId="NIP">6170007286</id>
        <nazwa>Urząd Gminy Gizałki</nazwa>
        <adres>
          <kodPocztowy>63-308</kodPocztowy>
          <miejscowosc>Gizałki </miejscowosc>
          <ulica>Kaliska</ulica>
          <budynek>28</budynek>
          <kraj>PL</kraj>
        </adres>
        <kontakt typKontaktu="e-mail">ug@gizalki.pl</kontakt>
      </instytucja>
    </podmiot>
  </tworca>
  <nadawca>
    <podmiot>
      <instytucja>
        <id typId="NIP">6170007286</id>
        <nazwa>Urząd Gminy Gizałki</nazwa>
        <adres>
          <kodPocztowy>63-308</kodPocztowy>
          <miejscowosc>Gizałki </miejscowosc>
          <ulica>Kaliska</ulica>
          <budynek>28</budynek>
          <kraj>PL</kraj>
        </adres>
        <kontakt typKontaktu="e-mail">ug@gizalki.pl</kontakt>
      </instytucja>
    </podmiot>
  </nadawca>
  <odbiorca>
    <doWiadomosci />
    <podmiot>
      <instytucja>
        <id typId="NIP">7781012911</id>
        <nazwa>Wielkopolski Urząd Wojewódzki w Poznaniu</nazwa>
        <adres>
          <kodPocztowy>61-713</kodPocztowy>
          <miejscowosc>Poznań</miejscowosc>
          <ulica>Niepodległości</ulica>
          <budynek>16</budynek>
          <lokal>18</lokal>
          <kraj>PL</kraj>
        </adres>
        <kontakt typKontaktu="e-mail">lprzewozna@poznan.uw.gov.pl</kontakt>
      </instytucja>
    </podmiot>
  </odbiorca>
  <relacja>
    <identyfikator>
      <typidentyfikatora>SystemID</typidentyfikatora>
      <wartoscId>LegalAct.zip</wartoscId>
    </identyfikator>
    <typRelacji>odnosi się do</typRelacji>
  </relacja>
  <jezyk kodJezyka="pol">polski</jezyk>
  <opis>Zeskanowany wniosek nr RPU/15350/2015 z dn. 2015-01-01 - Urząd Gminy Gizałki</opis>
</dokument>