<dokument xmlns:xsd="http://www.w3.org/2001/XMLSchema" xmlns:xsi="http://www.w3.org/2001/XMLSchema-instance" xmlns="http://www.mswia.gov.pl/standardy/ndap">
  <identyfikator>
    <typidentyfikatora>id.eNadzor</typidentyfikatora>
    <wartoscId>1.19698.20201102124328.659</wartoscId>
    <podmiot>
      <instytucja>
        <id typId="NIP">7781012911</id>
        <nazwa>Wielkopolski Urząd Wojewódzki w Poznaniu</nazwa>
        <kontakt typKontaktu="e-mail">lprzewozna@poznan.uw.gov.pl</kontakt>
      </instytucja>
    </podmiot>
  </identyfikator>
  <identyfikator>
    <typidentyfikatora>Znak sprawy</typidentyfikatora>
    <wartoscId>KN-I.4100.1.2020.20</wartoscId>
  </identyfikator>
  <identyfikator>
    <typidentyfikatora>Nazwa pliku</typidentyfikatora>
    <wartoscId>LegalAct.zipx</wartoscId>
  </identyfikator>
  <tytul>
    <oryginalny kodJezyka="pol">Uchwała nr VI/25/2015 test_1 Rady Gminy Gizałki  z dn. 2020-09-09 w sprawie zmiany siedzib obwodowych komisji wyborczych w Gminie Gizałki</oryginalny>
    <alternatywny kodJezyka="pol">Uchwała nr VI/25/2015 test_1 Rady Gminy Gizałki  z dnia 9 września 2020 r.</alternatywny>
  </tytul>
  <data>
    <typDaty>data na piśmie</typDaty>
    <czas>2020-09-09T00:00:00+02:00</czas>
  </data>
  <data>
    <typDaty>data rejestracji</typDaty>
    <czas>2020-09-09T00:00:00+02:00</czas>
  </data>
  <format>
    <typFormatu>.zipx</typFormatu>
    <niekompletnosc>nie</niekompletnosc>
    <wielkosc miara="KB">617</wielkosc>
  </format>
  <dostep>
    <dostepnosc>niepubliczny</dostepnosc>
  </dostep>
  <typ>
    <klasa>Text</klasa>
    <rodzaj>pismo</rodzaj>
  </typ>
  <typ>
    <klasa>eNadzor</klasa>
    <rodzaj>Akt do nadzoru</rodzaj>
  </typ>
  <typ>
    <klasa>Text</klasa>
    <rodzaj>uchwała</rodzaj>
  </typ>
  <typ>
    <klasa>Text</klasa>
    <rodzaj>Odwzorowanie cyfrowe - Tak</rodzaj>
  </typ>
  <grupowanie>
    <typGrupy>Znak sprawy</typGrupy>
    <kodGrupy>KN-I.4100.1.2020.20</kodGrupy>
    <opis>UG Giby</opis>
  </grupowanie>
  <tworca>
    <funkcja>utworzył</funkcja>
    <podmiot>
      <instytucja>
        <id typId="NIP">6170007286</id>
        <nazwa>Urząd Gminy Gizałki</nazwa>
        <adres>
          <kodPocztowy>63-308</kodPocztowy>
          <miejscowosc>Gizałki </miejscowosc>
          <ulica>Kaliska</ulica>
          <budynek>28</budynek>
          <kraj>PL</kraj>
        </adres>
        <kontakt typKontaktu="e-mail">ug@gizalki.pl</kontakt>
      </instytucja>
    </podmiot>
  </tworca>
  <nadawca>
    <podmiot>
      <instytucja>
        <id typId="NIP">6170007286</id>
        <nazwa>Urząd Gminy Gizałki</nazwa>
        <adres>
          <kodPocztowy>63-308</kodPocztowy>
          <miejscowosc>Gizałki </miejscowosc>
          <ulica>Kaliska</ulica>
          <budynek>28</budynek>
          <kraj>PL</kraj>
        </adres>
        <kontakt typKontaktu="e-mail">ug@gizalki.pl</kontakt>
      </instytucja>
    </podmiot>
  </nadawca>
  <odbiorca>
    <doWiadomosci />
    <podmiot>
      <instytucja>
        <id typId="NIP">7781012911</id>
        <nazwa>Wielkopolski Urząd Wojewódzki w Poznaniu</nazwa>
        <adres>
          <kodPocztowy>61-713</kodPocztowy>
          <miejscowosc>Poznań</miejscowosc>
          <ulica>Niepodległości</ulica>
          <budynek>16</budynek>
          <lokal>18</lokal>
          <kraj>PL</kraj>
        </adres>
        <kontakt typKontaktu="e-mail">lprzewozna@poznan.uw.gov.pl</kontakt>
      </instytucja>
    </podmiot>
  </odbiorca>
  <relacja>
    <identyfikator>
      <typidentyfikatora>SystemID</typidentyfikatora>
      <wartoscId>akt.pdf</wartoscId>
    </identyfikator>
    <typRelacji>ma odniesienie</typRelacji>
  </relacja>
  <relacja>
    <identyfikator>
      <typidentyfikatora>SystemID</typidentyfikatora>
      <wartoscId>LegalAct (1).zip</wartoscId>
    </identyfikator>
    <typRelacji>ma odniesienie</typRelacji>
  </relacja>
  <relacja>
    <identyfikator>
      <typidentyfikatora>SystemID</typidentyfikatora>
      <wartoscId>LegalAct (2).zip</wartoscId>
    </identyfikator>
    <typRelacji>ma odniesienie</typRelacji>
  </relacja>
  <relacja>
    <identyfikator>
      <typidentyfikatora>SystemID</typidentyfikatora>
      <wartoscId>LegalAct.pdf</wartoscId>
    </identyfikator>
    <typRelacji>ma odniesienie</typRelacji>
  </relacja>
  <jezyk kodJezyka="pol">polski</jezyk>
  <opis>Uchwała nr VI/25/2015 test_1 Rady Gminy Gizałki  z dnia 9 września 2020 r.</opis>
</dokument>