<dokument xmlns:xsd="http://www.w3.org/2001/XMLSchema" xmlns:xsi="http://www.w3.org/2001/XMLSchema-instance" xmlns="http://www.mswia.gov.pl/standardy/ndap" xsi:schemaLocation="http://www.mswia.gov.pl/standardy/ndap Metadane-2.0.xsd">
  <identyfikator>
    <typidentyfikatora>id.eNadzor</typidentyfikatora>
    <wartoscId>1.17444.20210107083320.22491</wartoscId>
    <podmiot>
      <instytucja>
        <id typId="NIP">9730051210</id>
        <nazwa>Regionalna Izba Obrachunkowa w Zielonej Górze</nazwa>
        <kontakt typKontaktu="Telefon">329 19 00</kontakt>
        <kontakt typKontaktu="e-mail">zielonagora@rio.gov.pl</kontakt>
      </instytucja>
    </podmiot>
  </identyfikator>
  <identyfikator>
    <typidentyfikatora>Znak sprawy</typidentyfikatora>
    <wartoscId>RIO.II.K.0002.102.28.2020</wartoscId>
  </identyfikator>
  <identyfikator>
    <typidentyfikatora>Nazwa pliku</typidentyfikatora>
    <wartoscId>Uchwała - rozstrzygnięcie w części.zipx</wartoscId>
  </identyfikator>
  <tytul>
    <oryginalny kodJezyka="pol">Uchwała - rozstrzygnięcie w części znak sprawy: RIO.II.K.0000.12.2021 Kolegium Regionalnej Izby Obrachunkowej w Zielonej Górze z dnia 5 stycznia 2021 r. - dotyczy: Uchwała Nr XIV/71/2020 Zgromadzenia Związku Celowego Gmin MG-6 z dnia 11 grudnia 2020 r. zmieniająca uchwałę w sprawie określenia wzorów deklaracji o wysokości opłaty za gospodarowanie odpadami komunalnymi składanych przez właścicieli nieruchomości zamieszkałych i niezamieszkałych</oryginalny>
    <alternatywny kodJezyka="pol">Uchwała - rozstrzygnięcie w części nr RIO.II.K.0000.12.2021 Kolegium Regionalnej Izby Obrachunkowej w Zielonej Górze z dnia 5 stycznia 2021 r. dot. Uchwała nr XIV/71/2020 Zgromadzenia Związku Celowego Gmin MG-6 z dnia 11 grudnia 2020 r.</alternatywny>
  </tytul>
  <data>
    <typDaty>data na piśmie</typDaty>
    <czas>2021-01-05T00:00:00+01:00</czas>
  </data>
  <data>
    <typDaty>wysłany</typDaty>
    <czas>2021-01-07T15:21:10+01:00</czas>
  </data>
  <data>
    <typDaty>podpisany</typDaty>
    <czas>2021-01-07T15:18:30+01:00</czas>
  </data>
  <format>
    <typFormatu>.zipx</typFormatu>
    <niekompletnosc>nie</niekompletnosc>
    <wielkosc miara="KB">119</wielkosc>
  </format>
  <dostep>
    <dostepnosc>niepubliczny</dostepnosc>
  </dostep>
  <typ>
    <klasa>Text</klasa>
    <rodzaj>pismo</rodzaj>
  </typ>
  <typ>
    <klasa>eNadzor</klasa>
    <rodzaj>Uchwała - rozstrzygnięcie w części</rodzaj>
  </typ>
  <typ>
    <klasa>Text</klasa>
    <rodzaj>rozstrzygnięcie nadzorcze</rodzaj>
  </typ>
  <typ>
    <klasa>Text</klasa>
    <rodzaj>Odwzorowanie cyfrowe - Nie</rodzaj>
  </typ>
  <grupowanie>
    <typGrupy>Znak sprawy</typGrupy>
    <kodGrupy>RIO.II.K.0000.12.2021</kodGrupy>
    <opis>Uchwały podejmowane przez Kolegium Izby</opis>
  </grupowanie>
  <grupowanie>
    <typGrupy>Kolejność dokumentu w systemie eNadzor względem sprawy</typGrupy>
    <kodGrupy>3</kodGrupy>
    <opis>Nie dotyczy</opis>
  </grupowanie>
  <tworca>
    <funkcja>utworzył</funkcja>
    <podmiot>
      <instytucja>
        <id typId="NIP">9730051210</id>
        <nazwa>Regionalna Izba Obrachunkowa w Zielonej Górze</nazwa>
        <adres>
          <kodPocztowy>65-261</kodPocztowy>
          <miejscowosc>Zielona Góra</miejscowosc>
          <ulica>Chmielna</ulica>
          <budynek>13</budynek>
          <kraj>PL</kraj>
        </adres>
        <kontakt typKontaktu="Telefon">329 19 00</kontakt>
        <kontakt typKontaktu="e-mail">zielonagora@rio.gov.pl</kontakt>
        <pracownik>
          <nazwisko>Zajączkowski</nazwisko>
          <imie>Ryszard</imie>
          <stanowisko>Prezes Izby</stanowisko>
        </pracownik>
      </instytucja>
    </podmiot>
  </tworca>
  <tworca>
    <funkcja>podpisał</funkcja>
    <podmiot>
      <osoba>
        <nazwisko>Zajączkowski</nazwisko>
        <imie>Ryszard</imie>
        <kontakt typKontaktu="email">ryszard.zajaczkowski@zielonagora.rio.gov.pl</kontakt>
      </osoba>
    </podmiot>
  </tworca>
  <nadawca>
    <podmiot>
      <instytucja>
        <id typId="NIP">9730051210</id>
        <nazwa>Regionalna Izba Obrachunkowa w Zielonej Górze</nazwa>
        <adres>
          <kodPocztowy>65-261</kodPocztowy>
          <miejscowosc>Zielona Góra</miejscowosc>
          <ulica>Chmielna</ulica>
          <budynek>13</budynek>
          <kraj>PL</kraj>
        </adres>
        <kontakt typKontaktu="Telefon">329 19 00</kontakt>
        <kontakt typKontaktu="e-mail">zielonagora@rio.gov.pl</kontakt>
      </instytucja>
    </podmiot>
  </nadawca>
  <odbiorca>
    <doWiadomosci />
    <podmiot>
      <instytucja>
        <id typId="NIP">5992619483</id>
        <nazwa>Związek Celowy Gmin MG-6</nazwa>
        <adres>
          <kodPocztowy>66-400</kodPocztowy>
          <miejscowosc>Gorzów Wielkopolski</miejscowosc>
          <ulica>Pankiewicza</ulica>
          <budynek>7-May</budynek>
          <kraj>PL</kraj>
        </adres>
        <kontakt typKontaktu="e-mail">zcg-img6@wp.pl</kontakt>
      </instytucja>
    </podmiot>
  </odbiorca>
  <relacja>
    <identyfikator>
      <typidentyfikatora>Nazwa pliku</typidentyfikatora>
      <wartoscId>Uchwała.zip</wartoscId>
    </identyfikator>
    <typRelacji>odnosi się do</typRelacji>
  </relacja>
  <relacja>
    <identyfikator>
      <typidentyfikatora>Nazwa pliku</typidentyfikatora>
      <wartoscId>UPO - Urzędowe Poświadczenie Odbioru - Uchwała - rozstrzygnięcie w części 2021-01-07.xml</wartoscId>
    </identyfikator>
    <typRelacji>ma odniesienie</typRelacji>
  </relacja>
  <relacja>
    <identyfikator>
      <typidentyfikatora>Nazwa pliku</typidentyfikatora>
      <wartoscId>UPP - Urzędowe Poświadczenie Przedłozenia - Uchwała - rozstrzygnięcie w części 2021-01-07.pdf</wartoscId>
    </identyfikator>
    <typRelacji>ma odniesienie</typRelacji>
  </relacja>
  <relacja>
    <identyfikator>
      <typidentyfikatora>Nazwa pliku</typidentyfikatora>
      <wartoscId>Pismo przewodnie.pdf</wartoscId>
    </identyfikator>
    <typRelacji>ma odniesienie</typRelacji>
  </relacja>
  <jezyk kodJezyka="pol">polski</jezyk>
  <opis>Uchwała - rozstrzygnięcie w części nr RIO.II.K.0000.12.2021 Kolegium Regionalnej Izby Obrachunkowej w Zielonej Górze z dnia 5 stycznia 2021 r. dot. Uchwała nr XIV/71/2020 Zgromadzenia Związku Celowego Gmin MG-6 z dnia 11 grudnia 2020 r.</opis>
</dokument>