<dokument xmlns:xsd="http://www.w3.org/2001/XMLSchema" xmlns:xsi="http://www.w3.org/2001/XMLSchema-instance" xmlns="http://www.mswia.gov.pl/standardy/ndap" xsi:schemaLocation="http://www.mswia.gov.pl/standardy/ndap Metadane-2.0.xsd">
  <identyfikator>
    <typidentyfikatora>ePUAP CID;Identyfikator poswiadczenia</typidentyfikatora>
    <wartoscId>ePUAP-UPP53953583</wartoscId>
  </identyfikator>
  <identyfikator>
    <typidentyfikatora>ePUAP CID;Identyfikator dokumentu</typidentyfikatora>
    <wartoscId>DOK77485850</wartoscId>
  </identyfikator>
  <identyfikator>
    <typidentyfikatora>Nazwa pliku</typidentyfikatora>
    <wartoscId>UPO - Urzędowe Poświadczenie Odbioru - Uchwała - rozstrzygnięcie w części 2021-01-07.xml</wartoscId>
  </identyfikator>
  <tytul>
    <oryginalny kodJezyka="pol">UPO - Urzędowe Poświadczenie Odbioru - Uchwała - rozstrzygnięcie w części 2021-01-07.xml</oryginalny>
  </tytul>
  <data>
    <typDaty>data na piśmie</typDaty>
    <czas>2021-01-07T15:33:58+01:00</czas>
  </data>
  <data>
    <typDaty>doręczony</typDaty>
    <czas>2021-01-07T15:33:58+01:00</czas>
  </data>
  <format>
    <typFormatu>.xml</typFormatu>
    <niekompletnosc>nie</niekompletnosc>
    <wielkosc miara="KB">8</wielkosc>
  </format>
  <dostep>
    <dostepnosc>niepubliczny</dostepnosc>
  </dostep>
  <typ>
    <klasa>eNadzor</klasa>
    <rodzaj>UPO - Urzędowe Poświadczenie Odebrania</rodzaj>
  </typ>
  <grupowanie>
    <typGrupy>Znak sprawy</typGrupy>
    <kodGrupy>RIO.II.K.0000.12.2021</kodGrupy>
    <opis>Uchwały podejmowane przez Kolegium Izby</opis>
  </grupowanie>
  <grupowanie>
    <typGrupy>Kolejność dokumentu w systemie eNadzor względem sprawy</typGrupy>
    <kodGrupy>4</kodGrupy>
    <opis>Nie dotyczy</opis>
  </grupowanie>
  <tworca>
    <funkcja>utworzył</funkcja>
    <podmiot>
      <instytucja>
        <id typId="Identyfikator poświadczenia">ePUAP</id>
        <nazwa>Poświadczenie wystawione przez platformę ePUAP</nazwa>
      </instytucja>
    </podmiot>
  </tworca>
  <nadawca>
    <podmiot>
      <instytucja>
        <id typId="NIP">85hh6og1mq</id>
        <nazwa>REGIONALNA IZBA OBRACHUNKOWA W ZIELONEJ GÓRZE</nazwa>
        <adres>
          <kraj>PL</kraj>
        </adres>
      </instytucja>
    </podmiot>
  </nadawca>
  <odbiorca>
    <doWiadomosci />
    <podmiot>
      <instytucja>
        <id typId="NIP">ZCG_MG-6</id>
        <nazwa>ZWIĄZEK CELOWY GMIN MG-6 Z/S W GORZOWIE WLKP.</nazwa>
        <adres>
          <kraj>PL</kraj>
        </adres>
      </instytucja>
    </podmiot>
  </odbiorca>
  <relacja>
    <identyfikator>
      <typidentyfikatora>Nazwa pliku</typidentyfikatora>
      <wartoscId>Uchwała - rozstrzygnięcie w części.zip</wartoscId>
    </identyfikator>
    <typRelacji>odnosi się do</typRelacji>
  </relacja>
  <jezyk kodJezyka="pol">polski</jezyk>
  <opis>886995</opis>
</dokument>