<dokument xmlns:xsi="http://www.w3.org/2001/XMLSchema-instance" xmlns:xsd="http://www.w3.org/2001/XMLSchema" xmlns="http://www.mswia.gov.pl/standardy/ndap">
  <identyfikator>
    <typidentyfikatora>Numer aktu</typidentyfikatora>
    <wartoscId>1/2018</wartoscId>
  </identyfikator>
  <identyfikator>
    <typidentyfikatora>Nazwa pliku</typidentyfikatora>
    <wartoscId>ROZPORZADZENIE_12018_1_Rozporzadzenie.1.2018.2018-05-02.zipx</wartoscId>
  </identyfikator>
  <tytul>
    <oryginalny kodJezyka="pol"></oryginalny>
  </tytul>
  <data>
    <typDaty>wysłany</typDaty>
    <czas>2018-04-29 22:00:00</czas>
  </data>
  <format>
    <typFormatu>ZIPX</typFormatu>
  </format>
  <dostep>
    <dostepnosc>wszystko</dostepnosc>
  </dostep>
  <typ>
    <klasa>zbiór danych</klasa>
  </typ>
  <tworca>
    <funkcja>stworzyl</funkcja>
    <podmiot>
      <instytucja>
        <nazwa>Powiatowy Lekarz Weterynarii w Leżajsku</nazwa>
      </instytucja>
    </podmiot>
  </tworca>
</dokument>