<dokument xmlns:xsi="http://www.w3.org/2001/XMLSchema-instance" xmlns:xsd="http://www.w3.org/2001/XMLSchema" xmlns="http://www.mswia.gov.pl/standardy/ndap">
  <identyfikator>
    <typidentyfikatora>Id</typidentyfikatora>
    <wartoscId>BB7FA018-BB42-4424-B7FB-4E90B6E47B76</wartoscId>
  </identyfikator>
  <identyfikator>
    <typidentyfikatora>Numer dokumentu</typidentyfikatora>
    <wartoscId>XXII/304/2020</wartoscId>
  </identyfikator>
  <tytul>
    <oryginalny kodJezyka="pol">Uchwała Nr XXII/304/2020 Rady Miasta Gniezna z dnia 24 czerwca 2020 r. zmieniająca uchwałę w sprawie nadania nazw ulicom w Gnieźnie.</oryginalny>
  </tytul>
  <data>
    <typDaty>utworzony</typDaty>
    <czas>24.06.2020 06:45:54</czas>
  </data>
  <data>
    <typDaty>dostępny po</typDaty>
    <czas>23.06.2020 21:00:00</czas>
  </data>
  <data>
    <typDaty>zmodyfikowany</typDaty>
    <czas>23.06.2020 05:31:49</czas>
  </data>
  <format>
    <typFormatu>XML</typFormatu>
    <specyfikacja>http://files.abcpro.pl/download/legislator/schemat.xsd</specyfikacja>
  </format>
  <dostep>
    <dostepnosc>wszystko</dostepnosc>
    <data>
      <typ>dostępny po</typ>
      <czas>24.06.2020 06:45:54</czas>
    </data>
  </dostep>
  <typ>
    <klasa>kolekcja</klasa>
    <rodzaj>Uchwała</rodzaj>
  </typ>
  <tworca>
    <funkcja>zatwierdzil</funkcja>
    <podmiot>
      <instytucja>
        <nazwa>Rada Miasta Gniezna</nazwa>
      </instytucja>
    </podmiot>
  </tworca>
  <tworca>
    <funkcja>stworzyl</funkcja>
    <podmiot>
      <osoba>
        <nazwisko>pinkowska_m</nazwisko>
      </osoba>
    </podmiot>
  </tworca>
  <tworca>
    <funkcja>zatwierdzil</funkcja>
    <podmiot>
      <instytucja>
        <id typId="UPE ID">19721</id>
        <id typId="NIP">7841001591</id>
        <nazwa>Urząd Miejski w Gnieźnie</nazwa>
        <adres>
          <kodPocztowy>62-200</kodPocztowy>
          <poczta>Gniezno</poczta>
          <miejscowosc>Gniezno</miejscowosc>
          <ulica>Lecha</ulica>
          <budynek>6</budynek>
          <lokal />
          <skrytkaPocztowa />
          <kraj>PL</kraj>
        </adres>
      </instytucja>
    </podmiot>
  </tworca>
  <relacja>
    <identyfikator>
      <typidentyfikatora>Uzasadnienie</typidentyfikatora>
      <wartoscId />
    </identyfikator>
    <typRelacji>maCzesc</typRelacji>
  </relacja>
  <relacja>
    <identyfikator>
      <typidentyfikatora>Załącznik binarny</typidentyfikatora>
      <wartoscId>1</wartoscId>
    </identyfikator>
    <typRelacji>maCzesc</typRelacji>
  </relacja>
  <relacja>
    <identyfikator>
      <typidentyfikatora>Załącznik binarny</typidentyfikatora>
      <wartoscId>2</wartoscId>
    </identyfikator>
    <typRelacji>maCzesc</typRelacji>
  </relacja>
  <kwalifikacja>
    <kategoria>A</kategoria>
    <data>2020-06-24T00:00:00</data>
  </kwalifikacja>
  <jezyk kodJezyka="pol">Polski</jezyk>
  <uprawnienia>Urząd Miejski w Gnieźnie</uprawnienia>
  <status>
    <rodzaj>uchwalony</rodzaj>
    <wersja>1</wersja>
    <opis>Uchwalony</opis>
  </status>
</dokument>