<dokument xmlns:xsi="http://www.w3.org/2001/XMLSchema-instance" xmlns:xsd="http://www.w3.org/2001/XMLSchema" xmlns="http://www.mswia.gov.pl/standardy/ndap">
  <identyfikator>
    <typidentyfikatora>Nr wniosku</typidentyfikatora>
    <wartoscId>2/2018</wartoscId>
  </identyfikator>
  <identyfikator>
    <typidentyfikatora>Symbol</typidentyfikatora>
    <wartoscId>e_Nadzor</wartoscId>
  </identyfikator>
  <tytul>
    <oryginalny kodJezyka="pol">Wniosek o przekazanie aktów do nadzoru i publikacji w dzienniku urzędowym</oryginalny>
  </tytul>
  <data>
    <typDaty>utworzony</typDaty>
    <czas>2018-05-07 22:00:00</czas>
  </data>
  <format>
    <typFormatu>XML</typFormatu>
  </format>
  <dostep>
    <dostepnosc>wszystko</dostepnosc>
  </dostep>
  <typ>
    <klasa>zbiór danych</klasa>
  </typ>
  <tworca>
    <funkcja>stworzyl</funkcja>
    <podmiot>
      <instytucja>
        <nazwa>ABC PROoo Sp. z o.o.</nazwa>
      </instytucja>
    </podmiot>
  </tworca>
</dokument>