<?xml version="1.0" encoding="utf-8"?><dokument xmlns:xsi="http://www.w3.org/2001/XMLSchema-instance" xsi:schemaLocation="http://www.mswia.gov.pl/standardy/ndap Metadane-1.6.xsd" xmlns="http://www.mswia.gov.pl/standardy/ndap"><odbiorca><podmiot><osoba><nazwisko>KACZAŁA</nazwisko><imie>KRZYSZTOF</imie><adres><kod>92-548</kod><poczta>92-548 ŁÓDŹ</poczta><miejscowosc>Łódź </miejscowosc><ulica>Tansmana </ulica><budynek>7</budynek><lokal>12</lokal><kraj>PL</kraj></adres><adres><kod>92-548</kod><poczta>92-548 ŁÓDŹ</poczta><miejscowosc>ŁÓDŹ</miejscowosc><ulica>TANSMANA</ulica><budynek>7</budynek><lokal>12</lokal><kraj>PL</kraj></adres></osoba></podmiot><rodzaj>glowny</rodzaj></odbiorca><data><typ>stworzony</typ><czas>2021-11-24T15:59:16+01:00</czas></data><dostep><dostepnosc>niedostepne</dostepnosc></dostep><format><typ>text/plain</typ></format><grupowanie><typ>znak sprawy</typ><kod>AB.6743.2139.2021.KZ</kod><opis>Zgłaszanie zamiaru przystąpienia do wykonywania robót budowlanych, rozbiórki, zmiany sposobu użytkowania obiektu budowlanego lub jego części</opis></grupowanie><identyfikator><typ>numer dokumentu</typ><wartosc>17050/11/2021/Wy</wartosc></identyfikator><identyfikator><typ>SystemID</typ><wartosc>66e81d7a-d688-4539-bb49-1c2ea27a6911</wartosc></identyfikator><jezyk kod="pol" /><tworca><funkcja>stworzył</funkcja><podmiot><instytucja><id typ="NIP">732-17-87-220</id><nazwa>Starostwo Powiatowe w Zgierzu</nazwa><jednostka><nazwa>Wydział Architektury i Budownictwa</nazwa><pracownik><nazwisko>Zieliński</nazwisko><imie>Karol</imie></pracownik></jednostka></instytucja></podmiot></tworca><typ><kategoria>Text</kategoria><rodzaj>Zwykły</rodzaj></typ><tytul><oryginalny>Odpowiedź na wniosek z 9.11</oryginalny></tytul></dokument>