<?xml version="1.0" encoding="utf-8"?><dokument xmlns:xsi="http://www.w3.org/2001/XMLSchema-instance" xsi:schemaLocation="http://www.mswia.gov.pl/standardy/ndap Metadane-1.6.xsd" xmlns="http://www.mswia.gov.pl/standardy/ndap"><odbiorca><podmiot><instytucja><nazwa>Łódzki Urząd Wojewódzki w Łodzi</nazwa><adres><kod>90-926</kod><poczta>Łódż</poczta><miejscowosc>Łódź</miejscowosc><ulica>Piotrkowska</ulica><budynek>104</budynek><lokal>-</lokal><kraj>PL</kraj></adres></instytucja></podmiot><rodzaj>glowny</rodzaj></odbiorca><data><typ>stworzony</typ><czas>2021-11-30T11:16:56+01:00</czas></data><dostep><dostepnosc>niedostepne</dostepnosc></dostep><format><typ>text/plain</typ></format><grupowanie><typ>znak sprawy</typ><kod>AB.6743.2139.2021.KZ</kod><opis>Zgłaszanie zamiaru przystąpienia do wykonywania robót budowlanych, rozbiórki, zmiany sposobu użytkowania obiektu budowlanego lub jego części</opis></grupowanie><identyfikator><typ>numer dokumentu</typ><wartosc>17264/11/2021/Wy</wartosc></identyfikator><identyfikator><typ>SystemID</typ><wartosc>c5656a74-d61f-43b4-a5a2-fecc9de051ea</wartosc></identyfikator><jezyk kod="pol" /><tworca><funkcja>stworzył</funkcja><podmiot><instytucja><id typ="NIP">732-17-87-220</id><nazwa>Starostwo Powiatowe w Zgierzu</nazwa><jednostka><nazwa>Wydział Architektury i Budownictwa</nazwa><pracownik><nazwisko>Zieliński</nazwisko><imie>Karol</imie></pracownik></jednostka></instytucja></podmiot></tworca><typ><kategoria>Text</kategoria><rodzaj>Zwykły</rodzaj></typ><tytul><oryginalny>przesłanie ponaglenia 2/3</oryginalny></tytul></dokument>