<?xml version="1.0" encoding="utf-8"?><dokument xmlns:xsi="http://www.w3.org/2001/XMLSchema-instance" xsi:schemaLocation="http://www.mswia.gov.pl/standardy/ndap Metadane-1.6.xsd" xmlns="http://www.mswia.gov.pl/standardy/ndap"><data><typ>stworzony</typ><czas>2021-11-09T13:59:15+01:00</czas></data><dostep><dostepnosc>niedostepne</dostepnosc></dostep><format><typ>text/plain</typ></format><grupowanie><typ>znak sprawy</typ><kod>AB.6743.2139.2021.KZ</kod><opis>Zgłaszanie zamiaru przystąpienia do wykonywania robót budowlanych, rozbiórki, zmiany sposobu użytkowania obiektu budowlanego lub jego części</opis></grupowanie><identyfikator><typ>numer dokumentu</typ><wartosc>E/16149/11/21</wartosc></identyfikator><identyfikator><typ>SystemID</typ><wartosc>f01697f3-c02a-4280-9d59-2d1905316284</wartosc></identyfikator><jezyk kod="pol" /><tworca><funkcja>stworzył</funkcja><podmiot><osoba><nazwisko>KACZAŁA</nazwisko><imie>KRZYSZTOF</imie><adres><kod>92-548</kod><poczta>92-548 ŁÓDŹ</poczta><miejscowosc>Łódź </miejscowosc><ulica>Tansmana </ulica><budynek>7</budynek><lokal>12</lokal><kraj>PL</kraj></adres></osoba></podmiot></tworca><typ><kategoria>Text</kategoria><rodzaj>Zwykły</rodzaj></typ><tytul><oryginalny>Zapytanie dot wniesienia sprzeciwu, przebudowa sieci gazowej w Zgierzu</oryginalny></tytul></dokument>