<dokument xmlns:xsi="http://www.w3.org/2001/XMLSchema-instance" xmlns:xsd="http://www.w3.org/2001/XMLSchema" xmlns="http://www.mswia.gov.pl/standardy/ndap" xsi:schemaLocation="http://www.mswia.gov.pl/standardy/ndap Metadane-1.7.xsd">
  <data>
    <typ>daty skrajne</typ>
    <od>2004-08-13</od>
    <do>2004-08-13</do>
  </data>
  <dostep>
    <dostepnosc>wszystko</dostepnosc>
  </dostep>
  <format>
    <typ>text/xml</typ>
  </format>
  <identyfikator>
    <typ>znak sprawy</typ>
    <wartosc>OR.I.0717-53/04</wartosc>
    <podmiot>
      <instytucja>
        <id typ="REGON"></id>
        <nazwa>URZĄD MIASTA CZĘSTOCHOWY</nazwa>
        <adres>
          <miejscowosc>CZĘSTOCHOWA</miejscowosc>
          <kraj>PL</kraj>
        </adres>
        <kontakt typ="telefon"></kontakt>
      </instytucja>
    </podmiot>
  </identyfikator>
  <tworca>
    <funkcja>stworzyl</funkcja>
    <podmiot>
      <instytucja>
        <id typ="REGON"></id>
        <nazwa>URZĄD MIASTA CZĘSTOCHOWY</nazwa>
        <adres>
          <miejscowosc>CZĘSTOCHOWA</miejscowosc>
          <kraj>PL</kraj>
        </adres>
        <kontakt typ="telefon"></kontakt>
        <jednostka>
          <nazwa>Wydział Organizacyjny</nazwa>
          <jednostka>
            <nazwa>Biuro Prezydenta</nazwa>
            <pracownik>
              <nazwisko>Broniszewska</nazwisko>
              <imie>Halina</imie>
            </pracownik>
          </jednostka>
        </jednostka>
      </instytucja>
    </podmiot>
  </tworca>
  <typ>
    <kategoria>Collection</kategoria>
    <rodzaj>sprawa</rodzaj>
  </typ>
  <tytul>
    <oryginalny jezyk="pol">UTWORZENIE CZĘSTOCHOWSKIEGO PARKU PRZEMYSŁOWEGO</oryginalny>
  </tytul>
</dokument>