<dokument xmlns:xsd="http://www.w3.org/2001/XMLSchema" xmlns:xsi="http://www.w3.org/2001/XMLSchema-instance" xmlns="http://www.mswia.gov.pl/standardy/ndap" xsi:schemaLocation="http://www.mswia.gov.pl/standardy/ndap Metadane-2.0.xsd">
  <identyfikator>
    <typidentyfikatora>Nazwa pliku</typidentyfikatora>
    <wartoscId>UPO86a5c6171a5b4937b44c9a4955250a92.pdf</wartoscId>
  </identyfikator>
  <tytul>
    <oryginalny kodJezyka="pol">UPO86a5c6171a5b4937b44c9a4955250a92.pdf</oryginalny>
  </tytul>
  <data>
    <typDaty>utworzony</typDaty>
    <czas>2019-12-11T15:24:46+01:00</czas>
  </data>
  <data>
    <typDaty>zmodyfikowany</typDaty>
    <czas>2019-12-10T13:33:12+01:00</czas>
  </data>
  <format>
    <typFormatu>.pdf</typFormatu>
    <specyfikacja>1.4</specyfikacja>
    <niekompletnosc>nie</niekompletnosc>
    <wielkosc miara="KB">38</wielkosc>
  </format>
  <dostep>
    <dostepnosc>niepubliczny</dostepnosc>
  </dostep>
  <typ>
    <klasa>Text</klasa>
    <rodzaj>pismo</rodzaj>
  </typ>
  <grupowanie>
    <typGrupy>Znak sprawy</typGrupy>
    <kodGrupy>NPII.4130.120.66.2019</kodGrupy>
    <opis>NPII.4130.120.66.2019 - Badanie aktów prawa miejscowego organów samorządu terytorialnego - dotyczy: Uchwała Nr X/6/2019 Rady Gminy w Czerwionce-Leszczynach z dnia 22 listopada 2019 r. w sprawie obniżenia ceny skupu żyta do celów wymiaru podatku rolnego na 2020 rok</opis>
  </grupowanie>
  <grupowanie>
    <typGrupy>Kolejność dokumentu w systemie eNadzor względem sprawy</typGrupy>
    <kodGrupy>12</kodGrupy>
    <opis>Względem sprawy: NPII.4130.120.66.2019 - Badanie aktów prawa miejscowego organów samorządu terytorialnego - dotyczy: Uchwała Nr X/6/2019 Rady Gminy w Czerwionce-Leszczynach z dnia 22 listopada 2019 r. w sprawie obniżenia ceny skupu żyta do celów wymiaru podatku rolnego na 2020 rok</opis>
  </grupowanie>
  <tworca>
    <funkcja>utworzył</funkcja>
    <podmiot>
      <osoba>
        <nazwisko>IIS APPPOOL\enadzor-uw.abcpro.pl</nazwisko>
      </osoba>
    </podmiot>
  </tworca>
  <jezyk kodJezyka="pol">polski</jezyk>
  <opis>Część pliku o nazwie: UPO86a5c6171a5b4937b44c9a4955250a92.pdf</opis>
</dokument>