<dokument xmlns:xsd="http://www.w3.org/2001/XMLSchema" xmlns:xsi="http://www.w3.org/2001/XMLSchema-instance" xmlns="http://www.mswia.gov.pl/standardy/ndap" xsi:schemaLocation="http://www.mswia.gov.pl/standardy/ndap Metadane-2.0.xsd">
  <identyfikator>
    <typidentyfikatora>id.eNadzor</typidentyfikatora>
    <wartoscId>1.19098.20191216105825.29067</wartoscId>
    <podmiot>
      <instytucja>
        <id typId="NIP">9541727830</id>
        <nazwa>Śląski Urząd Wojewódzki w Katowicach</nazwa>
        <kontakt typKontaktu="e-mail">majewskae@katowice.uw.gov.pl</kontakt>
      </instytucja>
    </podmiot>
  </identyfikator>
  <identyfikator>
    <typidentyfikatora>Znak sprawy</typidentyfikatora>
    <wartoscId>NPII.4130.120.66.2019</wartoscId>
  </identyfikator>
  <identyfikator>
    <typidentyfikatora>Nazwa pliku</typidentyfikatora>
    <wartoscId>Poświadczenie przedłożenia - Zawiadomienie o wszczęciu postępowania nadzorczego 2019-12-16.pdf</wartoscId>
  </identyfikator>
  <tytul>
    <oryginalny kodJezyka="pol">Poświadczenie przedłożenia - dotyczy: Zawiadomienie o wszczęciu postępowania nadzorczego znak sprawy: NPII.4131.1.688.2019 z dnia 16 grudnia 2019 r.</oryginalny>
    <alternatywny kodJezyka="pol">Poświadczenie przedłożenia z dnia 16 grudnia 2019 r. dot. Zawiadomienie o wszczęciu postępowania nadzorczego nr NPII.4131.1.688.2019 z dnia 16 grudnia 2019 r. dot. Uchwała nr X/6/2019 Rady Gminy w Czerwionce-Leszczynach z dnia 22 listopada 2019 r.</alternatywny>
  </tytul>
  <data>
    <typDaty>data na piśmie</typDaty>
    <czas>2019-12-16T10:58:25+01:00</czas>
  </data>
  <format>
    <typFormatu>.pdf</typFormatu>
    <specyfikacja>1.7</specyfikacja>
    <niekompletnosc>nie</niekompletnosc>
    <wielkosc miara="KB">66</wielkosc>
  </format>
  <dostep>
    <dostepnosc>niepubliczny</dostepnosc>
  </dostep>
  <typ>
    <klasa>Text</klasa>
    <rodzaj>pismo</rodzaj>
  </typ>
  <typ>
    <klasa>eNadzor</klasa>
    <rodzaj>Poświadczenie przedłożenia</rodzaj>
  </typ>
  <typ>
    <klasa>Text</klasa>
    <rodzaj>potwierdzenie odbioru/doręczenia/przedłożenia</rodzaj>
  </typ>
  <typ>
    <klasa>Text</klasa>
    <rodzaj>Odwzorowanie cyfrowe - Nie</rodzaj>
  </typ>
  <grupowanie>
    <typGrupy>Znak sprawy</typGrupy>
    <kodGrupy>NPII.4131.1.688.2019</kodGrupy>
    <opis>Postępowania nadzorcze</opis>
  </grupowanie>
  <grupowanie>
    <typGrupy>Kolejność dokumentu w systemie eNadzor względem sprawy</typGrupy>
    <kodGrupy>15</kodGrupy>
    <opis>Względem sprawy: NPII.4130.120.66.2019 - Badanie aktów prawa miejscowego organów samorządu terytorialnego - dotyczy: Uchwała Nr X/6/2019 Rady Gminy w Czerwionce-Leszczynach z dnia 22 listopada 2019 r. w sprawie obniżenia ceny skupu żyta do celów wymiaru podatku rolnego na 2020 rok</opis>
  </grupowanie>
  <tworca>
    <funkcja>utworzył</funkcja>
    <podmiot>
      <instytucja>
        <id typId="NIP">9541727830</id>
        <nazwa>Śląski Urząd Wojewódzki w Katowicach</nazwa>
        <adres>
          <kodPocztowy>40-032</kodPocztowy>
          <miejscowosc>Katowice</miejscowosc>
          <ulica>Jagiellońska</ulica>
          <budynek>25</budynek>
          <kraj>PL</kraj>
        </adres>
        <kontakt typKontaktu="e-mail">majewskae@katowice.uw.gov.pl</kontakt>
      </instytucja>
    </podmiot>
  </tworca>
  <nadawca>
    <podmiot>
      <instytucja>
        <id typId="NIP">9541727830</id>
        <nazwa>Śląski Urząd Wojewódzki w Katowicach</nazwa>
        <adres>
          <kodPocztowy>40-032</kodPocztowy>
          <miejscowosc>Katowice</miejscowosc>
          <ulica>Jagiellońska</ulica>
          <budynek>25</budynek>
          <kraj>PL</kraj>
        </adres>
        <kontakt typKontaktu="e-mail">majewskae@katowice.uw.gov.pl</kontakt>
      </instytucja>
    </podmiot>
  </nadawca>
  <odbiorca>
    <doWiadomosci />
    <podmiot>
      <instytucja>
        <id typId="NIP">6420009726</id>
        <nazwa>Urząd Gminy i Miasta Czerwionka-Leszczyny</nazwa>
        <adres>
          <kodPocztowy>44-230</kodPocztowy>
          <miejscowosc>Czerwionka-Leszczyny</miejscowosc>
          <ulica>Parkowa</ulica>
          <budynek>9</budynek>
          <kraj>PL</kraj>
        </adres>
        <kontakt typKontaktu="e-mail">br@czerwionka-leszczyny.com.pl</kontakt>
        <kontakt typKontaktu="Telefon">324295911</kontakt>
      </instytucja>
    </podmiot>
  </odbiorca>
  <relacja>
    <identyfikator>
      <typidentyfikatora>Nazwa pliku</typidentyfikatora>
      <wartoscId>Zawiadomienie o wszczęciu postępowania nadzorczego.zip</wartoscId>
    </identyfikator>
    <typRelacji>odnosi się do</typRelacji>
  </relacja>
  <jezyk kodJezyka="pol">polski</jezyk>
  <opis>Poświadczenie przedłożenia z dnia 16 grudnia 2019 r. dot. Zawiadomienie o wszczęciu postępowania nadzorczego nr NPII.4131.1.688.2019 z dnia 16 grudnia 2019 r. dot. Uchwała nr X/6/2019 Rady Gminy w Czerwionce-Leszczynach z dnia 22 listopada 2019 r.</opis>
</dokument>