<dokument xmlns:xsd="http://www.w3.org/2001/XMLSchema" xmlns:xsi="http://www.w3.org/2001/XMLSchema-instance" xmlns="http://www.mswia.gov.pl/standardy/ndap" xsi:schemaLocation="http://www.mswia.gov.pl/standardy/ndap Metadane-2.0.xsd">
  <identyfikator>
    <typidentyfikatora>id.eNadzor</typidentyfikatora>
    <wartoscId>1.19098.20191211152444.29050</wartoscId>
    <podmiot>
      <instytucja>
        <id typId="NIP">9541727830</id>
        <nazwa>Śląski Urząd Wojewódzki w Katowicach</nazwa>
        <kontakt typKontaktu="e-mail">majewskae@katowice.uw.gov.pl</kontakt>
      </instytucja>
    </podmiot>
  </identyfikator>
  <identyfikator>
    <typidentyfikatora>Znak sprawy</typidentyfikatora>
    <wartoscId>NPII.4130.120.66.2019</wartoscId>
  </identyfikator>
  <identyfikator>
    <typidentyfikatora>Nazwa pliku</typidentyfikatora>
    <wartoscId>Wniosek przychodzący z odpowiedzią.xml</wartoscId>
  </identyfikator>
  <tytul>
    <oryginalny kodJezyka="pol">Wniosek nr brm.6.2019  z dnia 10 grudnia 2019 r. - Urząd Gminy i Miasta Czerwionka-Leszczyny</oryginalny>
    <alternatywny kodJezyka="pol">Wniosek nr brm.6.2019  z dnia 10 grudnia 2019 r. - Urząd Gminy i Miasta Czerwionka-Leszczyny</alternatywny>
  </tytul>
  <data>
    <typDaty>data na piśmie</typDaty>
    <czas>2019-12-10T00:00:00+01:00</czas>
  </data>
  <data>
    <typDaty>data rejestracji</typDaty>
    <czas>2019-12-11T15:24:44+01:00</czas>
  </data>
  <format>
    <typFormatu>.xml</typFormatu>
    <niekompletnosc>nie</niekompletnosc>
    <wielkosc miara="KB">13</wielkosc>
  </format>
  <dostep>
    <dostepnosc>niepubliczny</dostepnosc>
  </dostep>
  <typ>
    <klasa>Text</klasa>
    <rodzaj>pismo</rodzaj>
  </typ>
  <typ>
    <klasa>eNadzor</klasa>
    <rodzaj>Wniosek przychodzący z odpowiedzią</rodzaj>
  </typ>
  <typ>
    <klasa>Text</klasa>
    <rodzaj>podanie/wniosek</rodzaj>
  </typ>
  <typ>
    <klasa>Text</klasa>
    <rodzaj>Odwzorowanie cyfrowe - Nie</rodzaj>
  </typ>
  <grupowanie>
    <typGrupy>Znak sprawy</typGrupy>
    <kodGrupy>NPII.4130.120.66.2019</kodGrupy>
    <opis>Czerwionka Leszczyny</opis>
  </grupowanie>
  <grupowanie>
    <typGrupy>Kolejność dokumentu w systemie eNadzor względem sprawy</typGrupy>
    <kodGrupy>10</kodGrupy>
    <opis>Względem sprawy: NPII.4130.120.66.2019 - Badanie aktów prawa miejscowego organów samorządu terytorialnego - dotyczy: Uchwała Nr X/6/2019 Rady Gminy w Czerwionce-Leszczynach z dnia 22 listopada 2019 r. w sprawie obniżenia ceny skupu żyta do celów wymiaru podatku rolnego na 2020 rok</opis>
  </grupowanie>
  <tworca>
    <funkcja>utworzył</funkcja>
    <podmiot>
      <instytucja>
        <id typId="NIP">6420009726</id>
        <nazwa>Urząd Gminy i Miasta Czerwionka-Leszczyny</nazwa>
        <adres>
          <kodPocztowy>44-230</kodPocztowy>
          <miejscowosc>Czerwionka-Leszczyny</miejscowosc>
          <ulica>Parkowa</ulica>
          <budynek>9</budynek>
          <kraj>PL</kraj>
        </adres>
        <kontakt typKontaktu="e-mail">br@czerwionka-leszczyny.com.pl</kontakt>
        <kontakt typKontaktu="Telefon">324295911</kontakt>
      </instytucja>
    </podmiot>
  </tworca>
  <nadawca>
    <podmiot>
      <instytucja>
        <id typId="NIP">6420009726</id>
        <nazwa>Urząd Gminy i Miasta Czerwionka-Leszczyny</nazwa>
        <adres>
          <kodPocztowy>44-230</kodPocztowy>
          <miejscowosc>Czerwionka-Leszczyny</miejscowosc>
          <ulica>Parkowa</ulica>
          <budynek>9</budynek>
          <kraj>PL</kraj>
        </adres>
        <kontakt typKontaktu="e-mail">br@czerwionka-leszczyny.com.pl</kontakt>
        <kontakt typKontaktu="Telefon">324295911</kontakt>
      </instytucja>
    </podmiot>
  </nadawca>
  <odbiorca>
    <doWiadomosci />
    <podmiot>
      <instytucja>
        <id typId="NIP">9541727830</id>
        <nazwa>Śląski Urząd Wojewódzki w Katowicach</nazwa>
        <adres>
          <kodPocztowy>40-032</kodPocztowy>
          <miejscowosc>Katowice</miejscowosc>
          <ulica>Jagiellońska</ulica>
          <budynek>25</budynek>
          <kraj>PL</kraj>
        </adres>
        <kontakt typKontaktu="e-mail">majewskae@katowice.uw.gov.pl</kontakt>
      </instytucja>
    </podmiot>
  </odbiorca>
  <relacja>
    <identyfikator>
      <typidentyfikatora>Nazwa pliku</typidentyfikatora>
      <wartoscId>UPO86a5c6171a5b4937b44c9a4955250a92.pdf</wartoscId>
    </identyfikator>
    <typRelacji>odnosi się do</typRelacji>
  </relacja>
  <jezyk kodJezyka="pol">polski</jezyk>
  <opis>Wniosek nr brm.6.2019  z dnia 10 grudnia 2019 r. - Urząd Gminy i Miasta Czerwionka-Leszczyny</opis>
</dokument>